<?xml version = '1.0' encoding = 'UTF-8'?>
<Entity class="oracle.dbtools.crest.model.design.logical.Entity" directorySegmentName="seg_0" id="D1EF0DB9-7EA2-0881-D5A7-C8390C9813F5" name="Individual">
<createdBy>User</createdBy>
<createdTime>2022-03-01 12:27:39 UTC</createdTime>
<ownerDesignName>3.1.4.1</ownerDesignName>
<engineerTo>
<item key="F0C4914D-0188-13B3-1192-6FA260E2C333" value="true"/>
</engineerTo>
<adequatelyNormalized>NO</adequatelyNormalized>
<expectedVolumes>0</expectedVolumes>
<fwdEngineeringStrategyName>Single Table</fwdEngineeringStrategyName>
<growthPercent>0</growthPercent>
<growthType>Year</growthType>
<hierarchicalParent>040BB331-C4AF-D463-B0A1-538ADDACF8E4</hierarchicalParent>
<maxVolumes>9999999</maxVolumes>
<minVolumes>0</minVolumes>
<normalForm>Third</normalForm>
<attributes itemClass="oracle.dbtools.crest.model.design.logical.Attribute">
<Attribute name="Loyalty Card Num" id="8E7D6CE9-EFF5-8AD0-828F-342C712EB15E">
<createdBy>User</createdBy>
<createdTime>2022-03-01 12:29:39 UTC</createdTime>
<ownerDesignName>3.1.4.1</ownerDesignName>
<engineerTo>
<item key="F0C4914D-0188-13B3-1192-6FA260E2C333" value="true"/>
</engineerTo>
<nullsAllowed>true</nullsAllowed>
<use>0</use>
<ownDataTypeParameters>,,</ownDataTypeParameters>
</Attribute>
</attributes>
</Entity>