<?xml version = '1.0' encoding = 'UTF-8'?>
<relationalModel class="oracle.dbtools.crest.model.design.relational.RelationalDesign" name="Relational_1" id="C217EDA4-1FB5-3267-CE00-D7A993B86F42" mainViewID="021AB26A-16C0-D77B-D954-A0CC6C533229">
<createdBy>User</createdBy>
<createdTime>2022-03-08 19:48:32 UTC</createdTime>
<ownerDesignName>3.1.4 Practice</ownerDesignName>
<shouldBeOpen>false</shouldBeOpen>
<selectedRDBMSSite>32076570-2523-435C-2E92-BF29817DFF70</selectedRDBMSSite>
</relationalModel>