<?xml version = '1.0' encoding = 'UTF-8'?>
<relationalModel class="oracle.dbtools.crest.model.design.relational.RelationalDesign" name="Relational_1" id="A8DA4080-1ACE-B4F1-442B-198B654E0F54" mainViewID="0CCE0D6C-857D-747B-1947-9B5F51249C7C">
<createdBy>Василий</createdBy>
<createdTime>2023-02-26 15:18:25 UTC</createdTime>
<ownerDesignName>3_2 main</ownerDesignName>
<shouldBeOpen>false</shouldBeOpen>
<selectedRDBMSSite>32076570-2523-435C-2E92-BF29817DFF70</selectedRDBMSSite>
</relationalModel>