<?xml version = '1.0' encoding = 'UTF-8'?>
<Entity class="oracle.dbtools.crest.model.design.logical.Entity" directorySegmentName="seg_0" id="040BB331-C4AF-D463-B0A1-538ADDACF8E4" name="Customer">
<createdBy>User</createdBy>
<createdTime>2022-03-01 08:47:55 UTC</createdTime>
<ownerDesignName>3.1.4.2</ownerDesignName>
<engineerTo>
<item key="F0C4914D-0188-13B3-1192-6FA260E2C333" value="true"/>
</engineerTo>
<adequatelyNormalized>NO</adequatelyNormalized>
<expectedVolumes>0</expectedVolumes>
<fwdEngineeringStrategyName>Single Table</fwdEngineeringStrategyName>
<growthPercent>0</growthPercent>
<growthType>Year</growthType>
<maxVolumes>9999999</maxVolumes>
<minVolumes>0</minVolumes>
<normalForm>Third</normalForm>
<attributes itemClass="oracle.dbtools.crest.model.design.logical.Attribute">
<Attribute name="Number" id="972E24D4-031E-56CF-98AA-90C3C0E86F85">
<createdBy>User</createdBy>
<createdTime>2022-03-01 08:48:07 UTC</createdTime>
<ownerDesignName>3.1.4.2</ownerDesignName>
<engineerTo>
<item key="F0C4914D-0188-13B3-1192-6FA260E2C333" value="true"/>
</engineerTo>
<use>0</use>
<ownDataTypeParameters>,,</ownDataTypeParameters>
</Attribute>
<Attribute name="Email" id="A5BBFEFB-D272-54DF-D2EA-96DD5B25E97E">
<createdBy>User</createdBy>
<createdTime>2022-03-01 08:48:37 UTC</createdTime>
<ownerDesignName>3.1.4.2</ownerDesignName>
<engineerTo>
<item key="F0C4914D-0188-13B3-1192-6FA260E2C333" value="true"/>
</engineerTo>
<use>0</use>
<ownDataTypeParameters>,,</ownDataTypeParameters>
</Attribute>
<Attribute name="Name " id="741F2133-86A8-B504-BEC9-07C0DFCD21A5">
<createdBy>User</createdBy>
<createdTime>2022-03-01 08:49:31 UTC</createdTime>
<ownerDesignName>3.1.4.2</ownerDesignName>
<engineerTo>
<item key="F0C4914D-0188-13B3-1192-6FA260E2C333" value="true"/>
</engineerTo>
<use>0</use>
<ownDataTypeParameters>,,</ownDataTypeParameters>
</Attribute>
<Attribute name="Adress" id="71B9E8C4-019D-20F4-33E1-CE22CFC77034">
<createdBy>User</createdBy>
<createdTime>2022-03-01 08:49:43 UTC</createdTime>
<ownerDesignName>3.1.4.2</ownerDesignName>
<engineerTo>
<item key="F0C4914D-0188-13B3-1192-6FA260E2C333" value="true"/>
</engineerTo>
<use>0</use>
<ownDataTypeParameters>,,</ownDataTypeParameters>
</Attribute>
<Attribute name="Phone Number" id="C6112DEF-842B-98AB-21FC-7B023ED768F4">
<createdBy>User</createdBy>
<createdTime>2022-03-01 08:49:52 UTC</createdTime>
<ownerDesignName>3.1.4.2</ownerDesignName>
<engineerTo>
<item key="F0C4914D-0188-13B3-1192-6FA260E2C333" value="true"/>
</engineerTo>
<use>0</use>
<ownDataTypeParameters>,,</ownDataTypeParameters>
</Attribute>
<Attribute name="Current Balance" id="D66EAEBB-B797-2181-DB8E-8BF2BECCE16D">
<createdBy>User</createdBy>
<createdTime>2022-03-01 08:51:10 UTC</createdTime>
<ownerDesignName>3.1.4.2</ownerDesignName>
<engineerTo>
<item key="F0C4914D-0188-13B3-1192-6FA260E2C333" value="true"/>
</engineerTo>
<use>0</use>
<ownDataTypeParameters>,,</ownDataTypeParameters>
</Attribute>
<Attribute name="Team they belong to" id="E1238A06-2A32-DC90-FA02-55B729837447">
<createdBy>User</createdBy>
<createdTime>2022-03-01 08:51:20 UTC</createdTime>
<ownerDesignName>3.1.4.2</ownerDesignName>
<engineerTo>
<item key="F0C4914D-0188-13B3-1192-6FA260E2C333" value="true"/>
</engineerTo>
<nullsAllowed>true</nullsAllowed>
<use>0</use>
<ownDataTypeParameters>,,</ownDataTypeParameters>
</Attribute>
</attributes>
<identifiers itemClass="oracle.dbtools.crest.model.design.logical.CandidateKey">
<identifier id="65EFA817-9D06-C43A-DCA2-DDB5368703B5" name="Customer PK">
<createdBy>User</createdBy>
<createdTime>2022-03-01 08:48:13 UTC</createdTime>
<ownerDesignName>3.1.4.2</ownerDesignName>
<engineerTo>
<item key="F0C4914D-0188-13B3-1192-6FA260E2C333" value="true"/>
</engineerTo>
<pk>true</pk>
<usedAttributes>
<attributeRef>972E24D4-031E-56CF-98AA-90C3C0E86F85</attributeRef>
</usedAttributes>
</identifier>
<identifier id="7A8BA15A-53F1-CB5A-FD2A-52DB72708FCA" name="Number">
<createdBy>User</createdBy>
<createdTime>2022-03-01 08:48:17 UTC</createdTime>
<ownerDesignName>3.1.4.2</ownerDesignName>
<engineerTo>
<item key="F0C4914D-0188-13B3-1192-6FA260E2C333" value="true"/>
</engineerTo>
<newElementsIDs>972E24D4-031E-56CF-98AA-90C3C0E86F85</newElementsIDs>
<usedAttributes>
<attributeRef>972E24D4-031E-56CF-98AA-90C3C0E86F85</attributeRef>
</usedAttributes>
</identifier>
<identifier id="45902297-ED7F-F1A0-D6A9-EC73BEC935B4" name="Email">
<createdBy>User</createdBy>
<createdTime>2022-03-01 08:49:11 UTC</createdTime>
<ownerDesignName>3.1.4.2</ownerDesignName>
<engineerTo>
<item key="F0C4914D-0188-13B3-1192-6FA260E2C333" value="true"/>
</engineerTo>
<newElementsIDs>A5BBFEFB-D272-54DF-D2EA-96DD5B25E97E</newElementsIDs>
<usedAttributes>
<attributeRef>A5BBFEFB-D272-54DF-D2EA-96DD5B25E97E</attributeRef>
</usedAttributes>
</identifier>
</identifiers>
</Entity>