<?xml version = '1.0' encoding = 'UTF-8'?>
<Entity class="oracle.dbtools.crest.model.design.logical.Entity" directorySegmentName="seg_0" id="E4940170-E1CE-BA4A-440C-B6425ADCFE1B" name="Team Representative">
<createdBy>User</createdBy>
<createdTime>2022-03-01 12:30:06 UTC</createdTime>
<ownerDesignName>3.1.4.2</ownerDesignName>
<engineerTo>
<item key="F0C4914D-0188-13B3-1192-6FA260E2C333" value="true"/>
</engineerTo>
<adequatelyNormalized>NO</adequatelyNormalized>
<expectedVolumes>0</expectedVolumes>
<fwdEngineeringStrategyName>Single Table</fwdEngineeringStrategyName>
<growthPercent>0</growthPercent>
<growthType>Year</growthType>
<maxVolumes>9999999</maxVolumes>
<minVolumes>0</minVolumes>
<normalForm>Third</normalForm>
<attributes itemClass="oracle.dbtools.crest.model.design.logical.Attribute">
<Attribute name="Team belonging" id="B5A95557-30E9-B0DF-1C1F-6E3822439F9A">
<createdBy>User</createdBy>
<createdTime>2022-03-01 12:30:19 UTC</createdTime>
<ownerDesignName>3.1.4.2</ownerDesignName>
<engineerTo>
<item key="F0C4914D-0188-13B3-1192-6FA260E2C333" value="true"/>
</engineerTo>
<use>0</use>
<ownDataTypeParameters>,,</ownDataTypeParameters>
</Attribute>
<Attribute name="Id" id="24BA512C-9B91-5AFA-39A4-8EDBD051B2DB">
<createdBy>User</createdBy>
<createdTime>2022-03-01 14:06:03 UTC</createdTime>
<generatorID>2CCA85A7-91AE-9666-D18F-47165575057A</generatorID>
<ownerDesignName>3.1.4.2</ownerDesignName>
<engineerTo>
<item key="F0C4914D-0188-13B3-1192-6FA260E2C333" value="true"/>
</engineerTo>
<nullsAllowed>true</nullsAllowed>
<referedAttribute>419DD685-3C99-EC62-9379-E2DB245D7C7F</referedAttribute>
<use>0</use>
<ownDataTypeParameters>,,</ownDataTypeParameters>
</Attribute>
</attributes>
</Entity>