<?xml version = '1.0' encoding = 'UTF-8'?>
<Arc class="oracle.dbtools.crest.model.design.logical.Arc" directorySegmentName="seg_0" id="769CEA2E-2A3D-4CA3-0FF0-311B93BB71B7" name="Arc_1">
<createdBy>Василий</createdBy>
<createdTime>2023-02-26 15:48:39 UTC</createdTime>
<ownerDesignName>3_4_main</ownerDesignName>
<engineerTo>
<item key="533203A0-9157-FF39-C4CE-6E9160C31F98" value="true"/>
</engineerTo>
<entity>8F2EEFCC-6BD9-53E4-BCDE-CD5D434B7683</entity>
<relations>
<relationID>A8140652-9156-31C9-D173-784A0A8C2F44</relationID>
<relationID>BF7162EE-6BD1-5141-6382-273D1A556737</relationID>
</relations>
</Arc>