<?xml version = '1.0' encoding = 'UTF-8'?>
<Relation class="oracle.dbtools.crest.model.design.logical.Relation" name="Relation_3" directorySegmentName="seg_0" id="6AACF820-EE45-DF98-DE5C-195499AAB9FC">
<createdBy>User</createdBy>
<createdTime>2022-03-08 21:16:33 UTC</createdTime>
<ownerDesignName>3_7_main</ownerDesignName>
<engineerTo>
<item key="6F4EDB9B-B71C-0C90-A44F-3A889096C956" value="true"/>
</engineerTo>
<sourcePk>09CAD4D4-8BC1-950D-3825-0BACB96A2D58</sourcePk>
<identifying>false</identifying>
<nameOnSource>home for</nameOnSource>
<nameOnTarget>based out of</nameOnTarget>
<optionalSource>true</optionalSource>
<optionalTarget>false</optionalTarget>
<sourceCardinality>1</sourceCardinality>
<sourceEntity>EDD519CF-B9A7-2B1A-EF91-0DE37F6147C1</sourceEntity>
<targetCardinalityString>*</targetCardinalityString>
<targetEntity>18077E61-B88F-AA99-3A35-A485196D80F5</targetEntity>
<transferable>true</transferable>
<deleteRule>NO ACTION</deleteRule>
</Relation>