<?xml version = '1.0' encoding = 'UTF-8'?>
<Entity class="oracle.dbtools.crest.model.design.logical.Entity" directorySegmentName="seg_0" id="BCDF078C-28D2-7385-9E30-4D24DDA85717" name="Room">
<createdBy>Василий</createdBy>
<createdTime>2023-02-26 16:08:08 UTC</createdTime>
<ownerDesignName>3_5_main</ownerDesignName>
<engineerTo>
<item key="C7FA77AC-C482-CE84-D5F4-5B65A32B32AA" value="true"/>
</engineerTo>
<adequatelyNormalized>NO</adequatelyNormalized>
<expectedVolumes>0</expectedVolumes>
<fwdEngineeringStrategyName>Single Table</fwdEngineeringStrategyName>
<growthPercent>0</growthPercent>
<growthType>Year</growthType>
<maxVolumes>9999999</maxVolumes>
<minVolumes>0</minVolumes>
<normalForm>Third</normalForm>
<attributes itemClass="oracle.dbtools.crest.model.design.logical.Attribute">
<Attribute name="Number" id="F914E3AC-5FEB-9366-608C-CFB008A90333">
<createdBy>Василий</createdBy>
<createdTime>2023-02-26 16:08:17 UTC</createdTime>
<ownerDesignName>3_5_main</ownerDesignName>
<engineerTo>
<item key="C7FA77AC-C482-CE84-D5F4-5B65A32B32AA" value="true"/>
</engineerTo>
<use>0</use>
<ownDataTypeParameters>,,</ownDataTypeParameters>
</Attribute>
<Attribute name="Number1" id="A35F429E-D7FA-3534-D16C-0F647CC1D0C0">
<createdBy>Василий</createdBy>
<createdTime>2023-02-26 16:10:13 UTC</createdTime>
<generatorID>4C000F67-FF40-9CBC-F70B-7E19A28F11E5</generatorID>
<ownerDesignName>3_5_main</ownerDesignName>
<engineerTo>
<item key="C7FA77AC-C482-CE84-D5F4-5B65A32B32AA" value="true"/>
</engineerTo>
<referedAttribute>7BC2D0BA-E811-3660-DCCE-0D41C0139438</referedAttribute>
<use>0</use>
<ownDataTypeParameters>,,</ownDataTypeParameters>
</Attribute>
</attributes>
<identifiers itemClass="oracle.dbtools.crest.model.design.logical.CandidateKey">
<identifier id="171C4AA8-FB5C-0D3D-0FC6-C99F803EB850" name="Room PK">
<createdBy>Василий</createdBy>
<createdTime>2023-02-26 16:08:21 UTC</createdTime>
<ownerDesignName>3_5_main</ownerDesignName>
<engineerTo>
<item key="C7FA77AC-C482-CE84-D5F4-5B65A32B32AA" value="true"/>
</engineerTo>
<pk>true</pk>
<usedAttributes>
<attributeRef>F914E3AC-5FEB-9366-608C-CFB008A90333</attributeRef>
</usedAttributes>
</identifier>
</identifiers>
</Entity>