<?xml version = '1.0' encoding = 'UTF-8'?>
<relationalModel class="oracle.dbtools.crest.model.design.relational.RelationalDesign" name="Relational_1" id="C7FA77AC-C482-CE84-D5F4-5B65A32B32AA" mainViewID="EC88838E-AB08-A02D-8D71-EF0FC6E2D3F4">
<createdBy>Василий</createdBy>
<createdTime>2023-02-26 16:06:28 UTC</createdTime>
<ownerDesignName>3_5_main</ownerDesignName>
<shouldBeOpen>false</shouldBeOpen>
<selectedRDBMSSite>32076570-2523-435C-2E92-BF29817DFF70</selectedRDBMSSite>
</relationalModel>