<?xml version = '1.0' encoding = 'UTF-8'?>
<Diagram class="oracle.dbtools.crest.swingui.logical.DPVLogical" name="Logical" id="964671F3-EC33-CBD7-C12A-260BF27B0FFF">
<createdBy>User</createdBy>
<modifiedBy>User</modifiedBy>
<createdTime>2022-03-01 08:47:55 UTC</createdTime>
<autoRoute>false</autoRoute>
<boxInbox>true</boxInbox>
<showLegend>false</showLegend>
<showLabels>true</showLabels>
<showRelAttributes>false</showRelAttributes>
<gridEnabled>false</gridEnabled>
<showGrid>false</showGrid>
<diagramColor>-1</diagramColor>
<display>false</display>
<notation>1</notation>
<objectViews>
<OView class="oracle.dbtools.crest.swingui.logical.TVEntity" oid="040BB331-C4AF-D463-B0A1-538ADDACF8E4" otype="Entity" vid="41BB1F38-31E8-1923-D194-A8D229E8C371">
<hideElementsInCurrentOnly>false</hideElementsInCurrentOnly>
<bounds x="60" y="71" width="254" height="202"/>
</OView>
<OView class="oracle.dbtools.crest.swingui.logical.TVEntity" oid="18B435C0-1F74-641A-389E-C3A3A982599B" otype="Entity" vid="0E84A973-D02E-6865-2CBC-E1DEC07880C5">
<hideElementsInCurrentOnly>false</hideElementsInCurrentOnly>
<bounds x="91" y="377" width="188" height="153"/>
</OView>
<OView class="oracle.dbtools.crest.swingui.logical.TVEntity" oid="24F3C534-1B76-341F-E04D-B1DA82DE0555" otype="Entity" vid="208B7AD9-BCB9-3365-3246-9DC7B33581B3">
<hideElementsInCurrentOnly>false</hideElementsInCurrentOnly>
<bounds x="458" y="188" width="170" height="110"/>
</OView>
<OView class="oracle.dbtools.crest.swingui.logical.TVEntity" oid="797A5D81-DB99-F698-DC9B-A6CEDF2BDFB9" otype="Entity" vid="00D80345-1730-0FE1-FD23-4FF56200B272">
<hideElementsInCurrentOnly>false</hideElementsInCurrentOnly>
<bounds x="372" y="383" width="170" height="110"/>
</OView>
<OView class="oracle.dbtools.crest.swingui.logical.TVEntity" oid="A3A37B6F-3A3B-D47C-5848-FCD8DD5873C4" otype="Entity" vid="6B6D27C3-4C28-B1AD-0416-33A57B81DF07">
<hideElementsInCurrentOnly>false</hideElementsInCurrentOnly>
<bounds x="467" y="61" width="170" height="110"/>
</OView>
<OView class="oracle.dbtools.crest.swingui.logical.TVEntity" oid="BE9EC6D9-701D-D7D1-1567-5752D2C4C191" otype="Entity" vid="21D460E0-D026-0428-E03B-2D7896C62357">
<hideElementsInCurrentOnly>false</hideElementsInCurrentOnly>
<bounds x="643" y="379" width="178" height="138"/>
</OView>
<OView class="oracle.dbtools.crest.swingui.logical.TVEntity" oid="D1EF0DB9-7EA2-0881-D5A7-C8390C9813F5" otype="Entity" vid="9D4EE356-D7D6-96F5-7965-537FFE5A0CD6">
<hideElementsInCurrentOnly>false</hideElementsInCurrentOnly>
<bounds x="190" y="102" width="114" height="68"/>
</OView>
<OView class="oracle.dbtools.crest.swingui.logical.TVEntity" oid="D8BB8822-8B16-BA1E-D468-97BE16B04171" otype="Entity" vid="EC8C00B4-6ECF-2A06-CC27-09AAF94255DA">
<hideElementsInCurrentOnly>false</hideElementsInCurrentOnly>
<bounds x="899" y="385" width="170" height="110"/>
</OView>
<OView class="oracle.dbtools.crest.swingui.logical.TVEntity" oid="E4940170-E1CE-BA4A-440C-B6425ADCFE1B" otype="Entity" vid="345E26F1-2060-624D-AB9B-8FEC7B8D2F4A">
<hideElementsInCurrentOnly>false</hideElementsInCurrentOnly>
<bounds x="193" y="179" width="111" height="71"/>
</OView>
</objectViews>
<connectors>
<Connector class="oracle.dbtools.crest.swingui.logical.TVRelation" oid="04E224C3-D16D-F546-2EEA-8E36E79B158C" otype="Relation" vid_source="21D460E0-D026-0428-E03B-2D7896C62357" vid_target="00D80345-1730-0FE1-FD23-4FF56200B272">
<hideElementsInCurrentOnly>false</hideElementsInCurrentOnly>
<backgroundColor>-16777216</backgroundColor>
<lineWidth>1</lineWidth>
<sourceLabel class="oracle.dbtools.crest.model.design.Label">
<site>0</site>
<labelBounds x="553" y="408" width="84" height="30"/>
<noBackgroundColor>true</noBackgroundColor>
<noForegroundColor>true</noForegroundColor>
</sourceLabel>
<targetLabel class="oracle.dbtools.crest.model.design.Label">
<site>2</site>
<labelBounds x="552" y="441" width="58" height="30"/>
<noBackgroundColor>true</noBackgroundColor>
<noForegroundColor>true</noForegroundColor>
</targetLabel>
<points>
<point x="643" y="438"/>
<point x="542" y="438"/>
</points>
</Connector>
<Connector class="oracle.dbtools.crest.swingui.logical.TVInheritanceRelation" oid="1DB5C78C-B39C-A541-13CF-6F200E29969D" otype="Hierarchy relation" vid_source="41BB1F38-31E8-1923-D194-A8D229E8C371" vid_target="345E26F1-2060-624D-AB9B-8FEC7B8D2F4A">
<hideElementsInCurrentOnly>false</hideElementsInCurrentOnly>
<backgroundColor>-65536</backgroundColor>
<lineWidth>1</lineWidth>
</Connector>
<Connector class="oracle.dbtools.crest.swingui.logical.TVRelation" oid="381152C1-FEA9-A9F5-347E-E98014B33FDC" otype="Relation" vid_source="0E84A973-D02E-6865-2CBC-E1DEC07880C5" vid_target="00D80345-1730-0FE1-FD23-4FF56200B272">
<hideElementsInCurrentOnly>false</hideElementsInCurrentOnly>
<backgroundColor>-16777216</backgroundColor>
<lineWidth>1</lineWidth>
<sourceLabel class="oracle.dbtools.crest.model.design.Label">
<site>0</site>
<labelBounds x="289" y="408" width="51" height="30"/>
<noBackgroundColor>true</noBackgroundColor>
<noForegroundColor>true</noForegroundColor>
</sourceLabel>
<targetLabel class="oracle.dbtools.crest.model.design.Label">
<site>2</site>
<labelBounds x="321" y="441" width="45" height="30"/>
<noBackgroundColor>true</noBackgroundColor>
<noForegroundColor>true</noForegroundColor>
</targetLabel>
<points>
<point x="279" y="438"/>
<point x="372" y="438"/>
</points>
</Connector>
<Connector class="oracle.dbtools.crest.swingui.logical.TVRelation" oid="49E14595-D4FD-19A4-5050-29AE8A0ABB93" otype="Relation" vid_source="41BB1F38-31E8-1923-D194-A8D229E8C371" vid_target="6B6D27C3-4C28-B1AD-0416-33A57B81DF07">
<hideElementsInCurrentOnly>false</hideElementsInCurrentOnly>
<backgroundColor>-16777216</backgroundColor>
<lineWidth>1</lineWidth>
<sourceLabel class="oracle.dbtools.crest.model.design.Label">
<site>0</site>
<labelBounds x="324" y="91" width="58" height="30"/>
<noBackgroundColor>true</noBackgroundColor>
<noForegroundColor>true</noForegroundColor>
</sourceLabel>
<targetLabel class="oracle.dbtools.crest.model.design.Label">
<site>2</site>
<labelBounds x="377" y="124" width="84" height="30"/>
<noBackgroundColor>true</noBackgroundColor>
<noForegroundColor>true</noForegroundColor>
</targetLabel>
<points>
<point x="314" y="121"/>
<point x="467" y="121"/>
</points>
</Connector>
<Connector class="oracle.dbtools.crest.swingui.logical.TVRelation" oid="4DE472B4-E565-FDB7-ABCE-B129FACE9D9C" otype="Relation" vid_source="41BB1F38-31E8-1923-D194-A8D229E8C371" vid_target="0E84A973-D02E-6865-2CBC-E1DEC07880C5">
<hideElementsInCurrentOnly>false</hideElementsInCurrentOnly>
<backgroundColor>-16777216</backgroundColor>
<lineWidth>1</lineWidth>
<sourceLabel class="oracle.dbtools.crest.model.design.Label">
<site>0</site>
<labelBounds x="185" y="317" width="42" height="30"/>
<noBackgroundColor>true</noBackgroundColor>
<noForegroundColor>true</noForegroundColor>
</sourceLabel>
<targetLabel class="oracle.dbtools.crest.model.design.Label">
<site>2</site>
<labelBounds x="185" y="333" width="62" height="30"/>
<noBackgroundColor>true</noBackgroundColor>
<noForegroundColor>true</noForegroundColor>
</targetLabel>
<points>
<point x="185" y="273"/>
<point x="185" y="377"/>
</points>
</Connector>
<Connector class="oracle.dbtools.crest.swingui.logical.TVRelation" oid="5A2E1612-94F5-D175-1810-A0ECC35E44F6" otype="Relation" vid_source="208B7AD9-BCB9-3365-3246-9DC7B33581B3" vid_target="41BB1F38-31E8-1923-D194-A8D229E8C371">
<hideElementsInCurrentOnly>false</hideElementsInCurrentOnly>
<backgroundColor>-16777216</backgroundColor>
<lineWidth>1</lineWidth>
<sourceLabel class="oracle.dbtools.crest.model.design.Label">
<site>0</site>
<labelBounds x="398" y="199" width="54" height="31"/>
<noBackgroundColor>true</noBackgroundColor>
<noForegroundColor>true</noForegroundColor>
</sourceLabel>
<targetLabel class="oracle.dbtools.crest.model.design.Label">
<site>2</site>
<labelBounds x="324" y="233" width="68" height="30"/>
<noBackgroundColor>true</noBackgroundColor>
<noForegroundColor>true</noForegroundColor>
</targetLabel>
<points>
<point x="458" y="230"/>
<point x="314" y="230"/>
</points>
</Connector>
<Connector class="oracle.dbtools.crest.swingui.logical.TVRelation" oid="704BF6E4-548A-70B5-E4A9-3612E3E47FDA" otype="Relation" vid_source="EC8C00B4-6ECF-2A06-CC27-09AAF94255DA" vid_target="21D460E0-D026-0428-E03B-2D7896C62357">
<hideElementsInCurrentOnly>false</hideElementsInCurrentOnly>
<backgroundColor>-16777216</backgroundColor>
<lineWidth>1</lineWidth>
<sourceLabel class="oracle.dbtools.crest.model.design.Label">
<site>0</site>
<labelBounds x="842" y="410" width="51" height="30"/>
<noBackgroundColor>true</noBackgroundColor>
<noForegroundColor>true</noForegroundColor>
</sourceLabel>
<targetLabel class="oracle.dbtools.crest.model.design.Label">
<site>2</site>
<labelBounds x="831" y="443" width="27" height="30"/>
<noBackgroundColor>true</noBackgroundColor>
<noForegroundColor>true</noForegroundColor>
</targetLabel>
<points>
<point x="899" y="440"/>
<point x="821" y="440"/>
</points>
</Connector>
<Connector class="oracle.dbtools.crest.swingui.logical.TVRelation" oid="83A84A0C-9259-9302-38A8-4BAC27AD24E6" otype="Relation" vid_source="208B7AD9-BCB9-3365-3246-9DC7B33581B3" vid_target="208B7AD9-BCB9-3365-3246-9DC7B33581B3">
<hideElementsInCurrentOnly>false</hideElementsInCurrentOnly>
<backgroundColor>-16777216</backgroundColor>
<lineWidth>1</lineWidth>
<sourceLabel class="oracle.dbtools.crest.model.design.Label">
<site>0</site>
<labelBounds x="653" y="237" width="62" height="30"/>
<noBackgroundColor>true</noBackgroundColor>
<noForegroundColor>true</noForegroundColor>
</sourceLabel>
<targetLabel class="oracle.dbtools.crest.model.design.Label">
<site>2</site>
<labelBounds x="558" y="310" width="78" height="30"/>
<noBackgroundColor>true</noBackgroundColor>
<noForegroundColor>true</noForegroundColor>
</targetLabel>
<points>
<point x="628" y="252"/>
<point x="653" y="252"/>
<point x="653" y="323"/>
<point x="558" y="323"/>
<point x="558" y="298"/>
</points>
</Connector>
<Connector class="oracle.dbtools.crest.swingui.logical.TVInheritanceRelation" oid="CC0FF5D7-C125-93EB-2A7C-3A948D152786" otype="Hierarchy relation" vid_source="41BB1F38-31E8-1923-D194-A8D229E8C371" vid_target="9D4EE356-D7D6-96F5-7965-537FFE5A0CD6">
<hideElementsInCurrentOnly>false</hideElementsInCurrentOnly>
<backgroundColor>-65536</backgroundColor>
<lineWidth>1</lineWidth>
</Connector>
</connectors>
</Diagram>