<?xml version = '1.0' encoding = 'UTF-8'?>
<Entity class="oracle.dbtools.crest.model.design.logical.Entity" directorySegmentName="seg_0" id="797A5D81-DB99-F698-DC9B-A6CEDF2BDFB9" name="Ordered Items">
<createdBy>User</createdBy>
<createdTime>2022-03-01 09:20:34 UTC</createdTime>
<ownerDesignName>3.1.3</ownerDesignName>
<engineerTo>
<item key="F0C4914D-0188-13B3-1192-6FA260E2C333" value="true"/>
</engineerTo>
<adequatelyNormalized>NO</adequatelyNormalized>
<expectedVolumes>0</expectedVolumes>
<fwdEngineeringStrategyName>Single Table</fwdEngineeringStrategyName>
<growthPercent>0</growthPercent>
<growthType>Year</growthType>
<maxVolumes>9999999</maxVolumes>
<minVolumes>0</minVolumes>
<normalForm>Third</normalForm>
<attributes itemClass="oracle.dbtools.crest.model.design.logical.Attribute">
<Attribute name="Items ordered" id="C970167E-2EA9-F873-22C8-4FCD8992AC7C">
<createdBy>User</createdBy>
<createdTime>2022-03-01 09:20:51 UTC</createdTime>
<ownerDesignName>3.1.3</ownerDesignName>
<engineerTo>
<item key="F0C4914D-0188-13B3-1192-6FA260E2C333" value="true"/>
</engineerTo>
<use>0</use>
<ownDataTypeParameters>,,</ownDataTypeParameters>
</Attribute>
<Attribute name="Items delivered" id="BAB6FE3A-A15D-307B-F677-2A52A2E9F6FB">
<createdBy>User</createdBy>
<createdTime>2022-03-01 09:21:04 UTC</createdTime>
<ownerDesignName>3.1.3</ownerDesignName>
<engineerTo>
<item key="F0C4914D-0188-13B3-1192-6FA260E2C333" value="true"/>
</engineerTo>
<use>0</use>
<ownDataTypeParameters>,,</ownDataTypeParameters>
</Attribute>
<Attribute name="Id" id="D4A0BB8C-D063-9D17-6258-529391215BFB">
<createdBy>User</createdBy>
<createdTime>2022-03-01 09:21:55 UTC</createdTime>
<generatorID>381152C1-FEA9-A9F5-347E-E98014B33FDC</generatorID>
<ownerDesignName>3.1.3</ownerDesignName>
<engineerTo>
<item key="F0C4914D-0188-13B3-1192-6FA260E2C333" value="true"/>
</engineerTo>
<referedAttribute>339C3571-E80E-D2FB-EBA6-36C6423B4D15</referedAttribute>
<use>0</use>
<ownDataTypeParameters>,,</ownDataTypeParameters>
</Attribute>
<Attribute name="Number" id="ABB6441A-8902-856D-F6F8-8ACB6F452BF2">
<createdBy>User</createdBy>
<createdTime>2022-03-01 09:25:23 UTC</createdTime>
<generatorID>04E224C3-D16D-F546-2EEA-8E36E79B158C</generatorID>
<ownerDesignName>3.1.3</ownerDesignName>
<engineerTo>
<item key="F0C4914D-0188-13B3-1192-6FA260E2C333" value="true"/>
</engineerTo>
<referedAttribute>27FF29E3-C06B-E83B-7AC6-98124DBC40D4</referedAttribute>
<use>0</use>
<ownDataTypeParameters>,,</ownDataTypeParameters>
</Attribute>
</attributes>
<identifiers itemClass="oracle.dbtools.crest.model.design.logical.CandidateKey">
<identifier id="EA3A7CD0-4D50-77C4-506B-551D3525ACDC" name="Ordered Items PK">
<createdBy>User</createdBy>
<createdTime>2022-03-01 09:21:55 UTC</createdTime>
<ownerDesignName>3.1.3</ownerDesignName>
<engineerTo>
<item key="F0C4914D-0188-13B3-1192-6FA260E2C333" value="true"/>
</engineerTo>
<pk>true</pk>
<usedAttributes>
<attributeRef>D4A0BB8C-D063-9D17-6258-529391215BFB</attributeRef>
<attributeRef>ABB6441A-8902-856D-F6F8-8ACB6F452BF2</attributeRef>
</usedAttributes>
</identifier>
</identifiers>
</Entity>