<?xml version = '1.0' encoding = 'UTF-8'?>
<Entity class="oracle.dbtools.crest.model.design.logical.Entity" directorySegmentName="seg_0" id="D1EF0DB9-7EA2-0881-D5A7-C8390C9813F5" name="Individual">
<createdBy>User</createdBy>
<createdTime>2022-03-01 12:27:39 UTC</createdTime>
<ownerDesignName>3.1.3</ownerDesignName>
<engineerTo>
<item key="F0C4914D-0188-13B3-1192-6FA260E2C333" value="true"/>
</engineerTo>
<adequatelyNormalized>NO</adequatelyNormalized>
<expectedVolumes>0</expectedVolumes>
<fwdEngineeringStrategyName>Single Table</fwdEngineeringStrategyName>
<growthPercent>0</growthPercent>
<growthType>Year</growthType>
<hierarchicalParent>040BB331-C4AF-D463-B0A1-538ADDACF8E4</hierarchicalParent>
<maxVolumes>9999999</maxVolumes>
<minVolumes>0</minVolumes>
<normalForm>Third</normalForm>
<attributes itemClass="oracle.dbtools.crest.model.design.logical.Attribute">
<Attribute name="Loyalty Card Num" id="8E7D6CE9-EFF5-8AD0-828F-342C712EB15E">
<createdBy>User</createdBy>
<createdTime>2022-03-01 12:29:39 UTC</createdTime>
<ownerDesignName>3.1.3</ownerDesignName>
<engineerTo>
<item key="F0C4914D-0188-13B3-1192-6FA260E2C333" value="true"/>
</engineerTo>
<nullsAllowed>true</nullsAllowed>
<use>0</use>
<ownDataTypeParameters>,,</ownDataTypeParameters>
</Attribute>
<Attribute name="Id" id="A73E06B3-83FE-290D-07A8-72E86AFAD5BE">
<createdBy>Василий</createdBy>
<createdTime>2023-02-27 09:09:29 UTC</createdTime>
<generatorID>5A2E1612-94F5-D175-1810-A0ECC35E44F6</generatorID>
<ownerDesignName>3.1.3</ownerDesignName>
<engineerTo>
<item key="F0C4914D-0188-13B3-1192-6FA260E2C333" value="true"/>
</engineerTo>
<nullsAllowed>true</nullsAllowed>
<referedAttribute>419DD685-3C99-EC62-9379-E2DB245D7C7F</referedAttribute>
<use>0</use>
<ownDataTypeParameters>,,</ownDataTypeParameters>
</Attribute>
</attributes>
<identifiers itemClass="oracle.dbtools.crest.model.design.logical.CandidateKey">
<identifier id="61ACFC70-612C-53A2-D2E1-109A043B9365" name="Individual PK">
<createdBy>Василий</createdBy>
<createdTime>2023-02-27 09:06:46 UTC</createdTime>
<ownerDesignName>3.1.3</ownerDesignName>
<engineerTo>
<item key="F0C4914D-0188-13B3-1192-6FA260E2C333" value="true"/>
</engineerTo>
<pk>true</pk>
</identifier>
</identifiers>
</Entity>