<?xml version = '1.0' encoding = 'UTF-8'?>
<Entity class="oracle.dbtools.crest.model.design.logical.Entity" directorySegmentName="seg_0" id="A3A37B6F-3A3B-D47C-5848-FCD8DD5873C4" name="Team">
<createdBy>User</createdBy>
<createdTime>2022-03-01 08:51:50 UTC</createdTime>
<ownerDesignName>3.1.1</ownerDesignName>
<engineerTo>
<item key="F0C4914D-0188-13B3-1192-6FA260E2C333" value="true"/>
</engineerTo>
<adequatelyNormalized>NO</adequatelyNormalized>
<expectedVolumes>0</expectedVolumes>
<fwdEngineeringStrategyName>Single Table</fwdEngineeringStrategyName>
<growthPercent>0</growthPercent>
<growthType>Year</growthType>
<maxVolumes>9999999</maxVolumes>
<minVolumes>0</minVolumes>
<normalForm>Third</normalForm>
<attributes itemClass="oracle.dbtools.crest.model.design.logical.Attribute">
<Attribute name="Id" id="0AF4DA59-7C53-5877-626A-39DC37F90FC2">
<createdBy>User</createdBy>
<createdTime>2022-03-01 08:51:57 UTC</createdTime>
<ownerDesignName>3.1.1</ownerDesignName>
<engineerTo>
<item key="F0C4914D-0188-13B3-1192-6FA260E2C333" value="true"/>
</engineerTo>
<use>0</use>
<ownDataTypeParameters>,,</ownDataTypeParameters>
</Attribute>
<Attribute name="Name" id="4450A6FD-B1B3-8155-487B-B74C79B1D7E8">
<createdBy>User</createdBy>
<createdTime>2022-03-01 08:52:04 UTC</createdTime>
<ownerDesignName>3.1.1</ownerDesignName>
<engineerTo>
<item key="F0C4914D-0188-13B3-1192-6FA260E2C333" value="true"/>
</engineerTo>
<use>0</use>
<ownDataTypeParameters>,,</ownDataTypeParameters>
</Attribute>
<Attribute name="Number of players" id="CF4869E4-050D-CDA6-5331-30EA411D8B2A">
<createdBy>User</createdBy>
<createdTime>2022-03-01 08:52:10 UTC</createdTime>
<ownerDesignName>3.1.1</ownerDesignName>
<engineerTo>
<item key="F0C4914D-0188-13B3-1192-6FA260E2C333" value="true"/>
</engineerTo>
<use>0</use>
<ownDataTypeParameters>,,</ownDataTypeParameters>
</Attribute>
<Attribute name="Discount" id="1D148EB2-6B03-5011-F441-6E06FC725E38">
<createdBy>User</createdBy>
<createdTime>2022-03-01 08:52:19 UTC</createdTime>
<ownerDesignName>3.1.1</ownerDesignName>
<engineerTo>
<item key="F0C4914D-0188-13B3-1192-6FA260E2C333" value="true"/>
</engineerTo>
<nullsAllowed>true</nullsAllowed>
<use>0</use>
<ownDataTypeParameters>,,</ownDataTypeParameters>
</Attribute>
<Attribute name="Number" id="779278B9-4C4C-BEBD-F7B9-989E822EF009">
<createdBy>User</createdBy>
<createdTime>2022-03-01 08:52:46 UTC</createdTime>
<generatorID>49E14595-D4FD-19A4-5050-29AE8A0ABB93</generatorID>
<ownerDesignName>3.1.1</ownerDesignName>
<engineerTo>
<item key="F0C4914D-0188-13B3-1192-6FA260E2C333" value="true"/>
</engineerTo>
<referedAttribute>972E24D4-031E-56CF-98AA-90C3C0E86F85</referedAttribute>
<use>0</use>
<ownDataTypeParameters>,,</ownDataTypeParameters>
</Attribute>
</attributes>
<identifiers itemClass="oracle.dbtools.crest.model.design.logical.CandidateKey">
<identifier id="ED44CD75-D3C7-5E4C-9B85-6142DA08211D" name="Team PK">
<createdBy>User</createdBy>
<createdTime>2022-03-01 08:52:00 UTC</createdTime>
<ownerDesignName>3.1.1</ownerDesignName>
<engineerTo>
<item key="F0C4914D-0188-13B3-1192-6FA260E2C333" value="true"/>
</engineerTo>
<pk>true</pk>
<usedAttributes>
<attributeRef>0AF4DA59-7C53-5877-626A-39DC37F90FC2</attributeRef>
</usedAttributes>
</identifier>
</identifiers>
</Entity>