<?xml version = '1.0' encoding = 'UTF-8'?>
<Entity class="oracle.dbtools.crest.model.design.logical.Entity" directorySegmentName="seg_0" id="AE775FD8-0EEC-1CEC-F396-EBEE9B353300" name="Sales Space">
<createdBy>User</createdBy>
<createdTime>2022-03-08 20:55:32 UTC</createdTime>
<ownerDesignName>3_6_main</ownerDesignName>
<engineerTo>
<item key="99349D6A-F238-DA9F-ABC5-E8BC59A00432" value="true"/>
</engineerTo>
<adequatelyNormalized>NO</adequatelyNormalized>
<expectedVolumes>0</expectedVolumes>
<fwdEngineeringStrategyName>Single Table</fwdEngineeringStrategyName>
<growthPercent>0</growthPercent>
<growthType>Year</growthType>
<maxVolumes>9999999</maxVolumes>
<minVolumes>0</minVolumes>
<normalForm>Third</normalForm>
<attributes itemClass="oracle.dbtools.crest.model.design.logical.Attribute">
<Attribute name="ID" id="EAEB4FCB-5345-92C5-B52D-A1A1BCF52EF9">
<createdBy>User</createdBy>
<createdTime>2022-03-08 20:55:57 UTC</createdTime>
<ownerDesignName>3_6_main</ownerDesignName>
<engineerTo>
<item key="99349D6A-F238-DA9F-ABC5-E8BC59A00432" value="true"/>
</engineerTo>
<use>0</use>
<ownDataTypeParameters>,,</ownDataTypeParameters>
</Attribute>
<Attribute name="Type" id="4DF98758-A913-422E-1B23-B5E881D9F16B">
<createdBy>User</createdBy>
<createdTime>2022-03-08 20:56:00 UTC</createdTime>
<ownerDesignName>3_6_main</ownerDesignName>
<engineerTo>
<item key="99349D6A-F238-DA9F-ABC5-E8BC59A00432" value="true"/>
</engineerTo>
<use>0</use>
<ownDataTypeParameters>,,</ownDataTypeParameters>
</Attribute>
<Attribute name="ID1" id="B6FD2FD9-8C16-F73A-5BE1-8D61C4FDB5BE">
<createdBy>User</createdBy>
<createdTime>2022-03-08 20:58:18 UTC</createdTime>
<generatorID>FF48FCC5-8B6F-BF3D-BC3F-592C611AF409</generatorID>
<ownerDesignName>3_6_main</ownerDesignName>
<engineerTo>
<item key="99349D6A-F238-DA9F-ABC5-E8BC59A00432" value="true"/>
</engineerTo>
<nullsAllowed>true</nullsAllowed>
<referedAttribute>EAEB4FCB-5345-92C5-B52D-A1A1BCF52EF9</referedAttribute>
<use>0</use>
<ownDataTypeParameters>,,</ownDataTypeParameters>
</Attribute>
<Attribute name="ID2" id="011315DF-0AB1-8F9F-FC59-B0917BFA8AA9">
<createdBy>User</createdBy>
<createdTime>2022-03-08 20:58:46 UTC</createdTime>
<generatorID>86E47220-94FC-E4C0-3D61-5659F8C9EA0B</generatorID>
<ownerDesignName>3_6_main</ownerDesignName>
<engineerTo>
<item key="99349D6A-F238-DA9F-ABC5-E8BC59A00432" value="true"/>
</engineerTo>
<referedAttribute>16298415-2FE1-551C-79AC-49F717DF508D</referedAttribute>
<use>0</use>
<ownDataTypeParameters>,,</ownDataTypeParameters>
</Attribute>
</attributes>
<identifiers itemClass="oracle.dbtools.crest.model.design.logical.CandidateKey">
<identifier id="B1404096-0181-8733-249C-409164816935" name="Sales Space PK">
<createdBy>User</createdBy>
<createdTime>2022-03-08 20:56:00 UTC</createdTime>
<ownerDesignName>3_6_main</ownerDesignName>
<engineerTo>
<item key="99349D6A-F238-DA9F-ABC5-E8BC59A00432" value="true"/>
</engineerTo>
<pk>true</pk>
<usedAttributes>
<attributeRef>EAEB4FCB-5345-92C5-B52D-A1A1BCF52EF9</attributeRef>
</usedAttributes>
</identifier>
</identifiers>
</Entity>