<?xml version = '1.0' encoding = 'UTF-8'?>
<Entity class="oracle.dbtools.crest.model.design.logical.Entity" directorySegmentName="seg_0" id="D105A9F2-4AFC-A904-5468-ECC393E2B129" name="Sales Region">
<createdBy>User</createdBy>
<createdTime>2022-03-08 20:38:34 UTC</createdTime>
<ownerDesignName>3_6_main</ownerDesignName>
<engineerTo>
<item key="99349D6A-F238-DA9F-ABC5-E8BC59A00432" value="true"/>
</engineerTo>
<adequatelyNormalized>NO</adequatelyNormalized>
<expectedVolumes>0</expectedVolumes>
<fwdEngineeringStrategyName>Single Table</fwdEngineeringStrategyName>
<growthPercent>0</growthPercent>
<growthType>Year</growthType>
<maxVolumes>9999999</maxVolumes>
<minVolumes>0</minVolumes>
<normalForm>Third</normalForm>
<attributes itemClass="oracle.dbtools.crest.model.design.logical.Attribute">
<Attribute name="Region Code" id="9CB97371-F64F-D026-FEA8-8DDBF68C4ED2">
<createdBy>User</createdBy>
<createdTime>2022-03-08 20:38:49 UTC</createdTime>
<ownerDesignName>3_6_main</ownerDesignName>
<engineerTo>
<item key="99349D6A-F238-DA9F-ABC5-E8BC59A00432" value="true"/>
</engineerTo>
<use>0</use>
<ownDataTypeParameters>,,</ownDataTypeParameters>
</Attribute>
<Attribute name="ID" id="CA1871BF-C6FB-A194-65FF-9E922BF03402">
<createdBy>User</createdBy>
<createdTime>2022-03-08 20:39:31 UTC</createdTime>
<generatorID>2E6D3955-0C51-BEC0-57D6-B9637C58612B</generatorID>
<ownerDesignName>3_6_main</ownerDesignName>
<engineerTo>
<item key="99349D6A-F238-DA9F-ABC5-E8BC59A00432" value="true"/>
</engineerTo>
<referedAttribute>28F06994-2DBB-DDE1-A20E-42950FE583C9</referedAttribute>
<use>0</use>
<ownDataTypeParameters>,,</ownDataTypeParameters>
</Attribute>
</attributes>
<identifiers itemClass="oracle.dbtools.crest.model.design.logical.CandidateKey">
<identifier id="CA39C823-B5CF-F09E-D427-0AD18A2F535A" name="Sales Region PK">
<createdBy>User</createdBy>
<createdTime>2022-03-08 20:38:54 UTC</createdTime>
<ownerDesignName>3_6_main</ownerDesignName>
<engineerTo>
<item key="99349D6A-F238-DA9F-ABC5-E8BC59A00432" value="true"/>
</engineerTo>
<pk>true</pk>
<usedAttributes>
<attributeRef>9CB97371-F64F-D026-FEA8-8DDBF68C4ED2</attributeRef>
</usedAttributes>
</identifier>
</identifiers>
</Entity>