<?xml version = '1.0' encoding = 'UTF-8'?>
<Entity class="oracle.dbtools.crest.model.design.logical.Entity" directorySegmentName="seg_0" id="DBEB3965-B8BF-B17C-8A1E-45112B8232F1" name="Sales Manager">
<createdBy>User</createdBy>
<createdTime>2022-03-08 20:44:40 UTC</createdTime>
<ownerDesignName>3_6_main</ownerDesignName>
<engineerTo>
<item key="99349D6A-F238-DA9F-ABC5-E8BC59A00432" value="true"/>
</engineerTo>
<adequatelyNormalized>NO</adequatelyNormalized>
<expectedVolumes>0</expectedVolumes>
<fwdEngineeringStrategyName>Single Table</fwdEngineeringStrategyName>
<growthPercent>0</growthPercent>
<growthType>Year</growthType>
<maxVolumes>9999999</maxVolumes>
<minVolumes>0</minVolumes>
<normalForm>Third</normalForm>
<attributes itemClass="oracle.dbtools.crest.model.design.logical.Attribute">
<Attribute name="ID" id="850A420D-0368-A58E-5D22-9A08DDB2DB5B">
<createdBy>User</createdBy>
<createdTime>2022-03-08 20:44:50 UTC</createdTime>
<ownerDesignName>3_6_main</ownerDesignName>
<engineerTo>
<item key="99349D6A-F238-DA9F-ABC5-E8BC59A00432" value="true"/>
</engineerTo>
<use>0</use>
<ownDataTypeParameters>,,</ownDataTypeParameters>
</Attribute>
</attributes>
<identifiers itemClass="oracle.dbtools.crest.model.design.logical.CandidateKey">
<identifier id="2AB9E669-E45A-2259-0DC4-CA9D19E90F33" name="Sales Manager PK">
<createdBy>User</createdBy>
<createdTime>2022-03-08 20:44:54 UTC</createdTime>
<ownerDesignName>3_6_main</ownerDesignName>
<engineerTo>
<item key="99349D6A-F238-DA9F-ABC5-E8BC59A00432" value="true"/>
</engineerTo>
<pk>true</pk>
<usedAttributes>
<attributeRef>850A420D-0368-A58E-5D22-9A08DDB2DB5B</attributeRef>
</usedAttributes>
</identifier>
</identifiers>
</Entity>