<?xml version = '1.0' encoding = 'UTF-8'?>
<Diagram class="oracle.dbtools.crest.swingui.logical.DPVLogical" name="Logical" id="964671F3-EC33-CBD7-C12A-260BF27B0FFF">
<createdBy>User</createdBy>
<modifiedBy>User</modifiedBy>
<createdTime>2022-03-01 08:47:55 UTC</createdTime>
<autoRoute>false</autoRoute>
<boxInbox>true</boxInbox>
<showLegend>false</showLegend>
<showLabels>true</showLabels>
<showRelAttributes>false</showRelAttributes>
<gridEnabled>false</gridEnabled>
<showGrid>false</showGrid>
<diagramColor>-1</diagramColor>
<display>false</display>
<notation>1</notation>
<objectViews>
<OView class="oracle.dbtools.crest.swingui.logical.TVEntity" oid="040BB331-C4AF-D463-B0A1-538ADDACF8E4" otype="Entity" vid="41BB1F38-31E8-1923-D194-A8D229E8C371">
<hideElementsInCurrentOnly>false</hideElementsInCurrentOnly>
<bounds x="84" y="133" width="179" height="128"/>
</OView>
<OView class="oracle.dbtools.crest.swingui.logical.TVEntity" oid="18B435C0-1F74-641A-389E-C3A3A982599B" otype="Entity" vid="0E84A973-D02E-6865-2CBC-E1DEC07880C5">
<hideElementsInCurrentOnly>false</hideElementsInCurrentOnly>
<bounds x="66" y="374" width="188" height="153"/>
</OView>
<OView class="oracle.dbtools.crest.swingui.logical.TVEntity" oid="24F3C534-1B76-341F-E04D-B1DA82DE0555" otype="Entity" vid="208B7AD9-BCB9-3365-3246-9DC7B33581B3">
<hideElementsInCurrentOnly>false</hideElementsInCurrentOnly>
<bounds x="432" y="218" width="170" height="110"/>
</OView>
<OView class="oracle.dbtools.crest.swingui.logical.TVEntity" oid="797A5D81-DB99-F698-DC9B-A6CEDF2BDFB9" otype="Entity" vid="00D80345-1730-0FE1-FD23-4FF56200B272">
<hideElementsInCurrentOnly>false</hideElementsInCurrentOnly>
<bounds x="351" y="396" width="170" height="110"/>
</OView>
<OView class="oracle.dbtools.crest.swingui.logical.TVEntity" oid="A3A37B6F-3A3B-D47C-5848-FCD8DD5873C4" otype="Entity" vid="6B6D27C3-4C28-B1AD-0416-33A57B81DF07">
<hideElementsInCurrentOnly>false</hideElementsInCurrentOnly>
<bounds x="430" y="70" width="170" height="110"/>
</OView>
<OView class="oracle.dbtools.crest.swingui.logical.TVEntity" oid="BE9EC6D9-701D-D7D1-1567-5752D2C4C191" otype="Entity" vid="21D460E0-D026-0428-E03B-2D7896C62357">
<hideElementsInCurrentOnly>false</hideElementsInCurrentOnly>
<bounds x="652" y="372" width="178" height="138"/>
</OView>
<OView class="oracle.dbtools.crest.swingui.logical.TVEntity" oid="D8BB8822-8B16-BA1E-D468-97BE16B04171" otype="Entity" vid="EC8C00B4-6ECF-2A06-CC27-09AAF94255DA">
<hideElementsInCurrentOnly>false</hideElementsInCurrentOnly>
<bounds x="898" y="389" width="170" height="110"/>
</OView>
</objectViews>
<connectors>
<Connector class="oracle.dbtools.crest.swingui.logical.TVRelation" oid="04E224C3-D16D-F546-2EEA-8E36E79B158C" otype="Relation" vid_source="21D460E0-D026-0428-E03B-2D7896C62357" vid_target="00D80345-1730-0FE1-FD23-4FF56200B272">
<hideElementsInCurrentOnly>false</hideElementsInCurrentOnly>
<backgroundColor>-16777216</backgroundColor>
<lineWidth>1</lineWidth>
<sourceLabel class="oracle.dbtools.crest.model.design.Label">
<site>0</site>
<labelBounds x="562" y="421" width="84" height="30"/>
<noBackgroundColor>true</noBackgroundColor>
<noForegroundColor>true</noForegroundColor>
</sourceLabel>
<targetLabel class="oracle.dbtools.crest.model.design.Label">
<site>2</site>
<labelBounds x="531" y="454" width="58" height="30"/>
<noBackgroundColor>true</noBackgroundColor>
<noForegroundColor>true</noForegroundColor>
</targetLabel>
<points>
<point x="652" y="451"/>
<point x="521" y="451"/>
</points>
</Connector>
<Connector class="oracle.dbtools.crest.swingui.logical.TVRelation" oid="381152C1-FEA9-A9F5-347E-E98014B33FDC" otype="Relation" vid_source="0E84A973-D02E-6865-2CBC-E1DEC07880C5" vid_target="00D80345-1730-0FE1-FD23-4FF56200B272">
<hideElementsInCurrentOnly>false</hideElementsInCurrentOnly>
<backgroundColor>-16777216</backgroundColor>
<lineWidth>1</lineWidth>
<sourceLabel class="oracle.dbtools.crest.model.design.Label">
<site>0</site>
<labelBounds x="264" y="421" width="51" height="30"/>
<noBackgroundColor>true</noBackgroundColor>
<noForegroundColor>true</noForegroundColor>
</sourceLabel>
<targetLabel class="oracle.dbtools.crest.model.design.Label">
<site>2</site>
<labelBounds x="300" y="454" width="45" height="30"/>
<noBackgroundColor>true</noBackgroundColor>
<noForegroundColor>true</noForegroundColor>
</targetLabel>
<points>
<point x="254" y="451"/>
<point x="351" y="451"/>
</points>
</Connector>
<Connector class="oracle.dbtools.crest.swingui.logical.TVRelation" oid="49E14595-D4FD-19A4-5050-29AE8A0ABB93" otype="Relation" vid_source="41BB1F38-31E8-1923-D194-A8D229E8C371" vid_target="6B6D27C3-4C28-B1AD-0416-33A57B81DF07">
<hideElementsInCurrentOnly>false</hideElementsInCurrentOnly>
<backgroundColor>-16777216</backgroundColor>
<lineWidth>1</lineWidth>
<sourceLabel class="oracle.dbtools.crest.model.design.Label">
<site>0</site>
<labelBounds x="273" y="126" width="58" height="30"/>
<noBackgroundColor>true</noBackgroundColor>
<noForegroundColor>true</noForegroundColor>
</sourceLabel>
<targetLabel class="oracle.dbtools.crest.model.design.Label">
<site>2</site>
<labelBounds x="340" y="159" width="84" height="30"/>
<noBackgroundColor>true</noBackgroundColor>
<noForegroundColor>true</noForegroundColor>
</targetLabel>
<points>
<point x="263" y="156"/>
<point x="430" y="156"/>
</points>
</Connector>
<Connector class="oracle.dbtools.crest.swingui.logical.TVRelation" oid="4DE472B4-E565-FDB7-ABCE-B129FACE9D9C" otype="Relation" vid_source="41BB1F38-31E8-1923-D194-A8D229E8C371" vid_target="0E84A973-D02E-6865-2CBC-E1DEC07880C5">
<hideElementsInCurrentOnly>false</hideElementsInCurrentOnly>
<backgroundColor>-16777216</backgroundColor>
<lineWidth>1</lineWidth>
<sourceLabel class="oracle.dbtools.crest.model.design.Label">
<site>0</site>
<labelBounds x="169" y="305" width="42" height="30"/>
<noBackgroundColor>true</noBackgroundColor>
<noForegroundColor>true</noForegroundColor>
</sourceLabel>
<targetLabel class="oracle.dbtools.crest.model.design.Label">
<site>2</site>
<labelBounds x="169" y="330" width="62" height="30"/>
<noBackgroundColor>true</noBackgroundColor>
<noForegroundColor>true</noForegroundColor>
</targetLabel>
<points>
<point x="169" y="261"/>
<point x="169" y="374"/>
</points>
</Connector>
<Connector class="oracle.dbtools.crest.swingui.logical.TVRelation" oid="5A2E1612-94F5-D175-1810-A0ECC35E44F6" otype="Relation" vid_source="208B7AD9-BCB9-3365-3246-9DC7B33581B3" vid_target="41BB1F38-31E8-1923-D194-A8D229E8C371">
<hideElementsInCurrentOnly>false</hideElementsInCurrentOnly>
<backgroundColor>-16777216</backgroundColor>
<lineWidth>1</lineWidth>
<sourceLabel class="oracle.dbtools.crest.model.design.Label">
<site>0</site>
<labelBounds x="372" y="208" width="54" height="31"/>
<noBackgroundColor>true</noBackgroundColor>
<noForegroundColor>true</noForegroundColor>
</sourceLabel>
<targetLabel class="oracle.dbtools.crest.model.design.Label">
<site>2</site>
<labelBounds x="273" y="242" width="68" height="30"/>
<noBackgroundColor>true</noBackgroundColor>
<noForegroundColor>true</noForegroundColor>
</targetLabel>
<points>
<point x="432" y="239"/>
<point x="263" y="239"/>
</points>
</Connector>
<Connector class="oracle.dbtools.crest.swingui.logical.TVRelation" oid="704BF6E4-548A-70B5-E4A9-3612E3E47FDA" otype="Relation" vid_source="EC8C00B4-6ECF-2A06-CC27-09AAF94255DA" vid_target="21D460E0-D026-0428-E03B-2D7896C62357">
<hideElementsInCurrentOnly>false</hideElementsInCurrentOnly>
<backgroundColor>-16777216</backgroundColor>
<lineWidth>1</lineWidth>
<sourceLabel class="oracle.dbtools.crest.model.design.Label">
<site>0</site>
<labelBounds x="841" y="414" width="51" height="30"/>
<noBackgroundColor>true</noBackgroundColor>
<noForegroundColor>true</noForegroundColor>
</sourceLabel>
<targetLabel class="oracle.dbtools.crest.model.design.Label">
<site>2</site>
<labelBounds x="840" y="447" width="27" height="30"/>
<noBackgroundColor>true</noBackgroundColor>
<noForegroundColor>true</noForegroundColor>
</targetLabel>
<points>
<point x="898" y="444"/>
<point x="830" y="444"/>
</points>
</Connector>
</connectors>
</Diagram>