<?xml version = '1.0' encoding = 'UTF-8'?>
<Entity class="oracle.dbtools.crest.model.design.logical.Entity" directorySegmentName="seg_0" id="3155DBD1-35BC-C037-FE34-BD567354FE79" name="Student_1">
<createdBy>User</createdBy>
<createdTime>2022-03-01 15:07:41 UTC</createdTime>
<ownerDesignName>3.1_main</ownerDesignName>
<engineerTo>
<item key="17819AF2-4ABC-D76F-7A45-6D756C28AFBA" value="true"/>
</engineerTo>
<adequatelyNormalized>NO</adequatelyNormalized>
<expectedVolumes>0</expectedVolumes>
<fwdEngineeringStrategyName>Single Table</fwdEngineeringStrategyName>
<growthPercent>0</growthPercent>
<growthType>Year</growthType>
<maxVolumes>9999999</maxVolumes>
<minVolumes>0</minVolumes>
<normalForm>Third</normalForm>
<attributes itemClass="oracle.dbtools.crest.model.design.logical.Attribute">
<Attribute name="ID" id="D5C7326B-86EA-96A3-450A-6B9EEA1C8448">
<createdBy>User</createdBy>
<createdTime>2022-03-01 15:07:41 UTC</createdTime>
<ownerDesignName>3.1_main</ownerDesignName>
<engineerTo>
<item key="17819AF2-4ABC-D76F-7A45-6D756C28AFBA" value="true"/>
</engineerTo>
<use>0</use>
<ownDataTypeParameters>,,</ownDataTypeParameters>
</Attribute>
<Attribute name="First Name" id="4E98013D-9FE7-7824-7529-BC26B32AF0F4">
<createdBy>User</createdBy>
<createdTime>2022-03-01 15:07:41 UTC</createdTime>
<ownerDesignName>3.1_main</ownerDesignName>
<engineerTo>
<item key="17819AF2-4ABC-D76F-7A45-6D756C28AFBA" value="true"/>
</engineerTo>
<use>0</use>
<ownDataTypeParameters>,,</ownDataTypeParameters>
</Attribute>
<Attribute name="Last Name" id="2735921A-25CC-36A6-EF0C-DF11DF36ADCD">
<createdBy>User</createdBy>
<createdTime>2022-03-01 15:07:41 UTC</createdTime>
<ownerDesignName>3.1_main</ownerDesignName>
<engineerTo>
<item key="17819AF2-4ABC-D76F-7A45-6D756C28AFBA" value="true"/>
</engineerTo>
<use>0</use>
<ownDataTypeParameters>,,</ownDataTypeParameters>
</Attribute>
<Attribute name="Registration Year" id="CCEA7658-C885-D616-987D-9D321F4D79E0">
<createdBy>User</createdBy>
<createdTime>2022-03-01 15:07:41 UTC</createdTime>
<ownerDesignName>3.1_main</ownerDesignName>
<engineerTo>
<item key="17819AF2-4ABC-D76F-7A45-6D756C28AFBA" value="true"/>
</engineerTo>
<use>0</use>
<ownDataTypeParameters>,,</ownDataTypeParameters>
</Attribute>
<Attribute name="Email" id="E5E1C9EC-E5D8-AF86-3279-73FA6476A49D">
<createdBy>User</createdBy>
<createdTime>2022-03-01 15:07:41 UTC</createdTime>
<ownerDesignName>3.1_main</ownerDesignName>
<engineerTo>
<item key="17819AF2-4ABC-D76F-7A45-6D756C28AFBA" value="true"/>
</engineerTo>
<use>0</use>
<ownDataTypeParameters>,,</ownDataTypeParameters>
</Attribute>
<Attribute name="Number of Working Days" id="E98C5D62-1EA8-2BDF-10C5-BE31A6A042DC">
<createdBy>User</createdBy>
<createdTime>2022-03-01 15:07:41 UTC</createdTime>
<ownerDesignName>3.1_main</ownerDesignName>
<engineerTo>
<item key="17819AF2-4ABC-D76F-7A45-6D756C28AFBA" value="true"/>
</engineerTo>
<use>0</use>
<ownDataTypeParameters>,,</ownDataTypeParameters>
</Attribute>
<Attribute name="Number of Days Off" id="9839AFE9-349F-99A0-7CDC-D45910EB414C">
<createdBy>User</createdBy>
<createdTime>2022-03-01 15:07:41 UTC</createdTime>
<ownerDesignName>3.1_main</ownerDesignName>
<engineerTo>
<item key="17819AF2-4ABC-D76F-7A45-6D756C28AFBA" value="true"/>
</engineerTo>
<nullsAllowed>true</nullsAllowed>
<use>0</use>
<ownDataTypeParameters>,,</ownDataTypeParameters>
</Attribute>
<Attribute name="Eligibility for Exam" id="6D1D0C6F-9C67-19A6-104A-FF71F1294EB4">
<createdBy>User</createdBy>
<createdTime>2022-03-01 15:07:41 UTC</createdTime>
<ownerDesignName>3.1_main</ownerDesignName>
<engineerTo>
<item key="17819AF2-4ABC-D76F-7A45-6D756C28AFBA" value="true"/>
</engineerTo>
<nullsAllowed>true</nullsAllowed>
<use>0</use>
<ownDataTypeParameters>,,</ownDataTypeParameters>
</Attribute>
<Attribute name="ID1" id="B1EF92A6-436C-FB97-01FE-576EF47A1FC1">
<createdBy>User</createdBy>
<createdTime>2022-03-08 19:21:06 UTC</createdTime>
<generatorID>AC143E58-B37A-C674-DB01-03537E167526</generatorID>
<ownerDesignName>3.1_main</ownerDesignName>
<engineerTo>
<item key="17819AF2-4ABC-D76F-7A45-6D756C28AFBA" value="true"/>
</engineerTo>
<referedAttribute>9C23893B-F8A0-AA44-18DD-1CAEC4CF0893</referedAttribute>
<use>0</use>
<ownDataTypeParameters>,,</ownDataTypeParameters>
</Attribute>
</attributes>
<identifiers itemClass="oracle.dbtools.crest.model.design.logical.CandidateKey">
<identifier id="DBF6A54F-C9D7-09EC-F306-38A8EB101A99" name="Student PK">
<createdBy>User</createdBy>
<createdTime>2022-03-01 15:07:41 UTC</createdTime>
<ownerDesignName>3.1_main</ownerDesignName>
<engineerTo>
<item key="17819AF2-4ABC-D76F-7A45-6D756C28AFBA" value="true"/>
</engineerTo>
<pk>true</pk>
<usedAttributes>
<attributeRef>D5C7326B-86EA-96A3-450A-6B9EEA1C8448</attributeRef>
</usedAttributes>
</identifier>
</identifiers>
</Entity>