<?xml version = '1.0' encoding = 'UTF-8'?>
<Entity class="oracle.dbtools.crest.model.design.logical.Entity" directorySegmentName="seg_0" id="2948BEF6-D14D-DDCA-10BF-DCECD455F634" name="Course">
<createdBy>User</createdBy>
<createdTime>2022-03-08 19:55:02 UTC</createdTime>
<ownerDesignName>3.1.4 Practice</ownerDesignName>
<engineerTo>
<item key="C217EDA4-1FB5-3267-CE00-D7A993B86F42" value="true"/>
</engineerTo>
<adequatelyNormalized>NO</adequatelyNormalized>
<expectedVolumes>0</expectedVolumes>
<fwdEngineeringStrategyName>Single Table</fwdEngineeringStrategyName>
<growthPercent>0</growthPercent>
<growthType>Year</growthType>
<maxVolumes>9999999</maxVolumes>
<minVolumes>0</minVolumes>
<normalForm>Third</normalForm>
<attributes itemClass="oracle.dbtools.crest.model.design.logical.Attribute">
<Attribute name="ID" id="2C979FF4-D314-6226-2245-1BF5B42F4D44">
<createdBy>User</createdBy>
<createdTime>2022-03-08 19:55:02 UTC</createdTime>
<ownerDesignName>3.1.4 Practice</ownerDesignName>
<importedID>43778B19-FDB1-DEE3-DEF5-46F191768C43</importedID>
<engineerTo>
<item key="C217EDA4-1FB5-3267-CE00-D7A993B86F42" value="true"/>
</engineerTo>
<use>0</use>
<ownDataTypeParameters>,,</ownDataTypeParameters>
</Attribute>
<Attribute name="Name" id="17B5CB8D-3386-2218-11BD-49E3FA7FFE6E">
<createdBy>User</createdBy>
<createdTime>2022-03-08 19:55:02 UTC</createdTime>
<ownerDesignName>3.1.4 Practice</ownerDesignName>
<importedID>E1BC2BC7-C5F6-30C3-8613-B94BEA0E968D</importedID>
<engineerTo>
<item key="C217EDA4-1FB5-3267-CE00-D7A993B86F42" value="true"/>
</engineerTo>
<use>0</use>
<ownDataTypeParameters>,,</ownDataTypeParameters>
</Attribute>
</attributes>
<identifiers itemClass="oracle.dbtools.crest.model.design.logical.CandidateKey">
<identifier id="6DE865FE-76B1-22DA-CDBD-D24C1BB83B16" name="Course PK">
<createdBy>User</createdBy>
<createdTime>2022-03-08 19:55:02 UTC</createdTime>
<ownerDesignName>3.1.4 Practice</ownerDesignName>
<engineerTo>
<item key="C217EDA4-1FB5-3267-CE00-D7A993B86F42" value="true"/>
</engineerTo>
<pk>true</pk>
<usedAttributes>
<attributeRef>2C979FF4-D314-6226-2245-1BF5B42F4D44</attributeRef>
</usedAttributes>
</identifier>
</identifiers>
</Entity>