<?xml version = '1.0' encoding = 'UTF-8'?>
<Entity class="oracle.dbtools.crest.model.design.logical.Entity" directorySegmentName="seg_0" id="645111DC-51D5-D984-A616-ACD165E16776" name="Seated">
<createdBy>User</createdBy>
<createdTime>2022-03-08 19:56:31 UTC</createdTime>
<ownerDesignName>3.1.4 Practice</ownerDesignName>
<engineerTo>
<item key="C217EDA4-1FB5-3267-CE00-D7A993B86F42" value="true"/>
</engineerTo>
<adequatelyNormalized>NO</adequatelyNormalized>
<expectedVolumes>0</expectedVolumes>
<fwdEngineeringStrategyName>Single Table</fwdEngineeringStrategyName>
<growthPercent>0</growthPercent>
<growthType>Year</growthType>
<maxVolumes>9999999</maxVolumes>
<minVolumes>0</minVolumes>
<normalForm>Third</normalForm>
<attributes itemClass="oracle.dbtools.crest.model.design.logical.Attribute">
<Attribute name="Building Name" id="C8D808F6-735B-ED7F-489E-712E9DCA93AA">
<createdBy>User</createdBy>
<createdTime>2022-03-08 19:56:39 UTC</createdTime>
<ownerDesignName>3.1.4 Practice</ownerDesignName>
<engineerTo>
<item key="C217EDA4-1FB5-3267-CE00-D7A993B86F42" value="true"/>
</engineerTo>
<use>0</use>
<ownDataTypeParameters>,,</ownDataTypeParameters>
</Attribute>
<Attribute name="Room Number" id="7A4F06CD-1BBE-8DAA-BFDD-2AD31246C627">
<createdBy>User</createdBy>
<createdTime>2022-03-08 19:56:45 UTC</createdTime>
<ownerDesignName>3.1.4 Practice</ownerDesignName>
<engineerTo>
<item key="C217EDA4-1FB5-3267-CE00-D7A993B86F42" value="true"/>
</engineerTo>
<use>0</use>
<ownDataTypeParameters>,,</ownDataTypeParameters>
</Attribute>
<Attribute name="Date/Time" id="23378AC6-64D4-AB31-8FEF-2A3FD6F0EB51">
<createdBy>User</createdBy>
<createdTime>2022-03-08 19:56:53 UTC</createdTime>
<ownerDesignName>3.1.4 Practice</ownerDesignName>
<engineerTo>
<item key="C217EDA4-1FB5-3267-CE00-D7A993B86F42" value="true"/>
</engineerTo>
<use>0</use>
<ownDataTypeParameters>,,</ownDataTypeParameters>
</Attribute>
</attributes>
</Entity>