<?xml version = '1.0' encoding = 'UTF-8'?>
<Diagram class="oracle.dbtools.crest.swingui.logical.DPVLogical" name="Logical" id="E39A49AB-48A2-2DFD-4319-048F9BC5D518">
<createdBy>User</createdBy>
<modifiedBy>User</modifiedBy>
<createdTime>2022-03-14 14:56:33 UTC</createdTime>
<autoRoute>false</autoRoute>
<boxInbox>true</boxInbox>
<showLegend>false</showLegend>
<showLabels>true</showLabels>
<showRelAttributes>false</showRelAttributes>
<gridEnabled>false</gridEnabled>
<showGrid>false</showGrid>
<diagramColor>-1</diagramColor>
<display>false</display>
<notation>1</notation>
<objectViews>
<OView class="oracle.dbtools.crest.swingui.logical.TVEntity" oid="18C37A58-1AFD-E07C-FF22-F3D494E8D86C" otype="Entity" vid="0A7F8073-C98B-CADF-115A-92DDB9D1CB19">
<hideElementsInCurrentOnly>false</hideElementsInCurrentOnly>
<bounds x="706" y="600" width="170" height="110"/>
</OView>
<OView class="oracle.dbtools.crest.swingui.logical.TVEntity" oid="58A3583B-CE03-2D92-3A6C-E668E131229F" otype="Entity" vid="BD1C1139-6E7C-C5E9-E673-E8B3B5A3728E">
<hideElementsInCurrentOnly>false</hideElementsInCurrentOnly>
<bounds x="446" y="266" width="140" height="74"/>
</OView>
<OView class="oracle.dbtools.crest.swingui.logical.TVEntity" oid="6D3556BF-518C-03B2-FA7D-E5ADC1C54981" otype="Entity" vid="CB3F144F-69B2-9E3D-0570-8E4550867528">
<hideElementsInCurrentOnly>false</hideElementsInCurrentOnly>
<bounds x="1030" y="568" width="175" height="133"/>
</OView>
<OView class="oracle.dbtools.crest.swingui.logical.TVEntity" oid="7B65A93E-0462-57E9-B565-0B70CCE58FA2" otype="Entity" vid="0D8A25BB-7CCB-E947-A996-E90FE8EE1146">
<hideElementsInCurrentOnly>false</hideElementsInCurrentOnly>
<bounds x="448" y="176" width="132" height="67"/>
</OView>
<OView class="oracle.dbtools.crest.swingui.logical.TVEntity" oid="8CD79960-08C3-B964-2AC7-A0B069C52C23" otype="Entity" vid="EFA53865-6F92-EB87-12B3-E8A9C3442C1A">
<hideElementsInCurrentOnly>false</hideElementsInCurrentOnly>
<bounds x="751" y="277" width="170" height="110"/>
</OView>
<OView class="oracle.dbtools.crest.swingui.logical.TVEntity" oid="A9A767F4-9D2E-9965-3A8B-6EAA935BF202" otype="Entity" vid="85CBF189-64A5-B2EA-D899-73B9EB590974">
<hideElementsInCurrentOnly>false</hideElementsInCurrentOnly>
<bounds x="753" y="150" width="168" height="94"/>
</OView>
<OView class="oracle.dbtools.crest.swingui.logical.TVEntity" oid="B67D430D-4442-74FB-0F04-64CCDBBF7640" otype="Entity" vid="5D9DEB00-D229-EECB-E549-7C3D55B68332">
<hideElementsInCurrentOnly>false</hideElementsInCurrentOnly>
<bounds x="309" y="150" width="291" height="240"/>
</OView>
<OView class="oracle.dbtools.crest.swingui.logical.TVEntity" oid="DD607BE4-6341-1FF3-E976-501E3DA41853" otype="Entity" vid="A23706E6-9FB1-D2FB-7337-D0814B7CADBC">
<hideElementsInCurrentOnly>false</hideElementsInCurrentOnly>
<bounds x="310" y="507" width="150" height="147"/>
</OView>
<OView class="oracle.dbtools.crest.swingui.logical.TVEntity" oid="DFB428B1-80D0-D4A2-FFD9-0F8FE5D4653E" otype="Entity" vid="01A22BE7-6D80-2D85-A5C8-B493E18FAA56">
<hideElementsInCurrentOnly>false</hideElementsInCurrentOnly>
<bounds x="1228" y="347" width="170" height="110"/>
</OView>
<OView class="oracle.dbtools.crest.swingui.logical.TVEntity" oid="FA5A2406-9DAA-BE12-ADFB-D8754E4115B0" otype="Entity" vid="810FD580-2CE0-BCE4-5404-A90ED7331505">
<hideElementsInCurrentOnly>false</hideElementsInCurrentOnly>
<bounds x="502" y="487" width="170" height="110"/>
</OView>
<OView class="oracle.dbtools.crest.swingui.logical.TVEntity" oid="FDF428C0-5C8F-1CDD-420D-58981FFC264A" otype="Entity" vid="8CCCA0EB-3AB1-2BA2-DDC0-EE524B444215">
<hideElementsInCurrentOnly>false</hideElementsInCurrentOnly>
<bounds x="1030" y="153" width="170" height="110"/>
</OView>
</objectViews>
<connectors>
<Connector class="oracle.dbtools.crest.swingui.logical.TVRelation" oid="08A4DCFC-F312-497C-4818-C1D532093CA9" otype="Relation" vid_source="5D9DEB00-D229-EECB-E549-7C3D55B68332" vid_target="810FD580-2CE0-BCE4-5404-A90ED7331505">
<hideElementsInCurrentOnly>false</hideElementsInCurrentOnly>
<backgroundColor>-16777216</backgroundColor>
<lineWidth>1</lineWidth>
<sourceLabel class="oracle.dbtools.crest.model.design.Label">
<site>0</site>
<labelBounds x="551" y="426" width="81" height="30"/>
<noBackgroundColor>true</noBackgroundColor>
<noForegroundColor>true</noForegroundColor>
</sourceLabel>
<targetLabel class="oracle.dbtools.crest.model.design.Label">
<site>2</site>
<labelBounds x="551" y="451" width="68" height="30"/>
<noBackgroundColor>true</noBackgroundColor>
<noForegroundColor>true</noForegroundColor>
</targetLabel>
<points>
<point x="551" y="390"/>
<point x="551" y="487"/>
</points>
</Connector>
<Connector class="oracle.dbtools.crest.swingui.logical.TVRelation" oid="25D2A40B-AFD1-6B83-DD92-5CDE0ABCE386" otype="Relation" vid_source="CB3F144F-69B2-9E3D-0570-8E4550867528" vid_target="0A7F8073-C98B-CADF-115A-92DDB9D1CB19">
<hideElementsInCurrentOnly>false</hideElementsInCurrentOnly>
<backgroundColor>-16777216</backgroundColor>
<lineWidth>1</lineWidth>
<sourceLabel class="oracle.dbtools.crest.model.design.Label">
<site>0</site>
<labelBounds x="940" y="620" width="84" height="30"/>
<noBackgroundColor>true</noBackgroundColor>
<noForegroundColor>true</noForegroundColor>
</sourceLabel>
<targetLabel class="oracle.dbtools.crest.model.design.Label">
<site>2</site>
<labelBounds x="886" y="653" width="58" height="30"/>
<noBackgroundColor>true</noBackgroundColor>
<noForegroundColor>true</noForegroundColor>
</targetLabel>
<points>
<point x="1030" y="650"/>
<point x="876" y="650"/>
</points>
</Connector>
<Connector class="oracle.dbtools.crest.swingui.logical.TVRelation" oid="6B68A0FD-E199-86FD-CA4B-B4F6967CAA0E" otype="Relation" vid_source="0D8A25BB-7CCB-E947-A996-E90FE8EE1146" vid_target="85CBF189-64A5-B2EA-D899-73B9EB590974">
<hideElementsInCurrentOnly>false</hideElementsInCurrentOnly>
<backgroundColor>-16777216</backgroundColor>
<lineWidth>1</lineWidth>
<sourceLabel class="oracle.dbtools.crest.model.design.Label">
<site>0</site>
<labelBounds x="590" y="179" width="58" height="30"/>
<noBackgroundColor>true</noBackgroundColor>
<noForegroundColor>true</noForegroundColor>
</sourceLabel>
<targetLabel class="oracle.dbtools.crest.model.design.Label">
<site>2</site>
<labelBounds x="663" y="212" width="84" height="30"/>
<noBackgroundColor>true</noBackgroundColor>
<noForegroundColor>true</noForegroundColor>
</targetLabel>
<points>
<point x="580" y="209"/>
<point x="753" y="209"/>
</points>
</Connector>
<Connector class="oracle.dbtools.crest.swingui.logical.TVRelation" oid="7A344C13-A21A-07CD-325C-F62FBB723402" otype="Relation" vid_source="CB3F144F-69B2-9E3D-0570-8E4550867528" vid_target="01A22BE7-6D80-2D85-A5C8-B493E18FAA56">
<hideElementsInCurrentOnly>false</hideElementsInCurrentOnly>
<backgroundColor>-16777216</backgroundColor>
<lineWidth>1</lineWidth>
<sourceLabel class="oracle.dbtools.crest.model.design.Label">
<site>0</site>
<labelBounds x="1173" y="532" width="73" height="30"/>
<noBackgroundColor>true</noBackgroundColor>
<noForegroundColor>true</noForegroundColor>
</sourceLabel>
<targetLabel class="oracle.dbtools.crest.model.design.Label">
<site>2</site>
<labelBounds x="1266" y="493" width="58" height="30"/>
<noBackgroundColor>true</noBackgroundColor>
<noForegroundColor>true</noForegroundColor>
</targetLabel>
<points>
<point x="1173" y="568"/>
<point x="1266" y="457"/>
</points>
</Connector>
<Connector class="oracle.dbtools.crest.swingui.logical.TVRelation" oid="8B3FE1E5-A695-F3BC-ACCD-EC04885518CD" otype="Relation" vid_source="5D9DEB00-D229-EECB-E549-7C3D55B68332" vid_target="A23706E6-9FB1-D2FB-7337-D0814B7CADBC">
<hideElementsInCurrentOnly>false</hideElementsInCurrentOnly>
<backgroundColor>-16777216</backgroundColor>
<lineWidth>1</lineWidth>
<sourceLabel class="oracle.dbtools.crest.model.design.Label">
<site>0</site>
<labelBounds x="385" y="434" width="42" height="30"/>
<noBackgroundColor>true</noBackgroundColor>
<noForegroundColor>true</noForegroundColor>
</sourceLabel>
<targetLabel class="oracle.dbtools.crest.model.design.Label">
<site>2</site>
<labelBounds x="385" y="471" width="62" height="30"/>
<noBackgroundColor>true</noBackgroundColor>
<noForegroundColor>true</noForegroundColor>
</targetLabel>
<points>
<point x="385" y="390"/>
<point x="385" y="507"/>
</points>
</Connector>
<Connector class="oracle.dbtools.crest.swingui.logical.TVRelation" oid="9BF8D161-96E4-AB17-8BF3-D9F52ED92CAE" otype="Relation" vid_source="EFA53865-6F92-EB87-12B3-E8A9C3442C1A" vid_target="BD1C1139-6E7C-C5E9-E673-E8B3B5A3728E">
<hideElementsInCurrentOnly>false</hideElementsInCurrentOnly>
<backgroundColor>-16777216</backgroundColor>
<lineWidth>1</lineWidth>
<sourceLabel class="oracle.dbtools.crest.model.design.Label">
<site>0</site>
<labelBounds x="688" y="276" width="57" height="32"/>
<noBackgroundColor>true</noBackgroundColor>
<noForegroundColor>true</noForegroundColor>
</sourceLabel>
<targetLabel class="oracle.dbtools.crest.model.design.Label">
<site>2</site>
<labelBounds x="596" y="311" width="68" height="30"/>
<noBackgroundColor>true</noBackgroundColor>
<noForegroundColor>true</noForegroundColor>
</targetLabel>
<points>
<point x="751" y="308"/>
<point x="586" y="308"/>
</points>
</Connector>
<Connector class="oracle.dbtools.crest.swingui.logical.TVInheritanceRelation" oid="A9111A91-50D1-AC1A-852D-3D043113BBB0" otype="Hierarchy relation" vid_source="5D9DEB00-D229-EECB-E549-7C3D55B68332" vid_target="0D8A25BB-7CCB-E947-A996-E90FE8EE1146">
<hideElementsInCurrentOnly>false</hideElementsInCurrentOnly>
<backgroundColor>-65536</backgroundColor>
<lineWidth>1</lineWidth>
</Connector>
<Connector class="oracle.dbtools.crest.swingui.logical.TVRelation" oid="B6AF9CD5-06AD-1213-FAF0-14ACB15879CE" otype="Relation" vid_source="8CCCA0EB-3AB1-2BA2-DDC0-EE524B444215" vid_target="CB3F144F-69B2-9E3D-0570-8E4550867528">
<hideElementsInCurrentOnly>false</hideElementsInCurrentOnly>
<backgroundColor>-16777216</backgroundColor>
<lineWidth>1</lineWidth>
<sourceLabel class="oracle.dbtools.crest.model.design.Label">
<site>0</site>
<labelBounds x="1115" y="299" width="51" height="30"/>
<noBackgroundColor>true</noBackgroundColor>
<noForegroundColor>true</noForegroundColor>
</sourceLabel>
<targetLabel class="oracle.dbtools.crest.model.design.Label">
<site>2</site>
<labelBounds x="1115" y="516" width="27" height="30"/>
<noBackgroundColor>true</noBackgroundColor>
<noForegroundColor>true</noForegroundColor>
</targetLabel>
<points>
<point x="1115" y="263"/>
<point x="1115" y="568"/>
</points>
</Connector>
<Connector class="oracle.dbtools.crest.swingui.logical.TVInheritanceRelation" oid="C09597DF-F153-4CDD-68E2-9168748271FA" otype="Hierarchy relation" vid_source="5D9DEB00-D229-EECB-E549-7C3D55B68332" vid_target="BD1C1139-6E7C-C5E9-E673-E8B3B5A3728E">
<hideElementsInCurrentOnly>false</hideElementsInCurrentOnly>
<backgroundColor>-65536</backgroundColor>
<lineWidth>1</lineWidth>
</Connector>
<Connector class="oracle.dbtools.crest.swingui.logical.TVRelation" oid="E1D5FBCC-F05E-C40D-1A11-71A52AE26419" otype="Relation" vid_source="EFA53865-6F92-EB87-12B3-E8A9C3442C1A" vid_target="EFA53865-6F92-EB87-12B3-E8A9C3442C1A">
<hideElementsInCurrentOnly>false</hideElementsInCurrentOnly>
<backgroundColor>-16777216</backgroundColor>
<lineWidth>1</lineWidth>
<sourceLabel class="oracle.dbtools.crest.model.design.Label">
<site>0</site>
<labelBounds x="946" y="326" width="58" height="30"/>
<noBackgroundColor>true</noBackgroundColor>
<noForegroundColor>true</noForegroundColor>
</sourceLabel>
<targetLabel class="oracle.dbtools.crest.model.design.Label">
<site>2</site>
<labelBounds x="851" y="399" width="78" height="30"/>
<noBackgroundColor>true</noBackgroundColor>
<noForegroundColor>true</noForegroundColor>
</targetLabel>
<points>
<point x="921" y="341"/>
<point x="946" y="341"/>
<point x="946" y="412"/>
<point x="851" y="412"/>
<point x="851" y="387"/>
</points>
</Connector>
<Connector class="oracle.dbtools.crest.swingui.logical.TVRelation" oid="FAFAF9DE-2753-CC22-8D87-2F91489AF87A" otype="Relation" vid_source="A23706E6-9FB1-D2FB-7337-D0814B7CADBC" vid_target="0A7F8073-C98B-CADF-115A-92DDB9D1CB19">
<hideElementsInCurrentOnly>false</hideElementsInCurrentOnly>
<backgroundColor>-16777216</backgroundColor>
<lineWidth>1</lineWidth>
<sourceLabel class="oracle.dbtools.crest.model.design.Label">
<site>0</site>
<labelBounds x="470" y="597" width="51" height="30"/>
<noBackgroundColor>true</noBackgroundColor>
<noForegroundColor>true</noForegroundColor>
</sourceLabel>
<targetLabel class="oracle.dbtools.crest.model.design.Label">
<site>2</site>
<labelBounds x="655" y="630" width="45" height="30"/>
<noBackgroundColor>true</noBackgroundColor>
<noForegroundColor>true</noForegroundColor>
</targetLabel>
<points>
<point x="460" y="627"/>
<point x="706" y="627"/>
</points>
</Connector>
</connectors>
</Diagram>