<?xml version = '1.0' encoding = 'UTF-8'?>
<Entity class="oracle.dbtools.crest.model.design.logical.Entity" directorySegmentName="seg_0" id="18077E61-B88F-AA99-3A35-A485196D80F5" name="Vehicle">
<createdBy>User</createdBy>
<createdTime>2022-03-08 21:11:00 UTC</createdTime>
<ownerDesignName>3_7_main</ownerDesignName>
<engineerTo>
<item key="6F4EDB9B-B71C-0C90-A44F-3A889096C956" value="true"/>
</engineerTo>
<adequatelyNormalized>NO</adequatelyNormalized>
<expectedVolumes>0</expectedVolumes>
<fwdEngineeringStrategyName>Single Table</fwdEngineeringStrategyName>
<growthPercent>0</growthPercent>
<growthType>Year</growthType>
<maxVolumes>9999999</maxVolumes>
<minVolumes>0</minVolumes>
<normalForm>Third</normalForm>
<attributes itemClass="oracle.dbtools.crest.model.design.logical.Attribute">
<Attribute name="ID" id="E90F7140-6CBF-3A61-5EFF-688379942FEA">
<createdBy>User</createdBy>
<createdTime>2022-03-08 21:11:16 UTC</createdTime>
<ownerDesignName>3_7_main</ownerDesignName>
<engineerTo>
<item key="6F4EDB9B-B71C-0C90-A44F-3A889096C956" value="true"/>
</engineerTo>
<use>0</use>
<ownDataTypeParameters>,,</ownDataTypeParameters>
</Attribute>
<Attribute name="State of Registration" id="9B7B32A9-9178-5191-82C8-2FCECABB15A8">
<createdBy>User</createdBy>
<createdTime>2022-03-08 21:11:21 UTC</createdTime>
<ownerDesignName>3_7_main</ownerDesignName>
<engineerTo>
<item key="6F4EDB9B-B71C-0C90-A44F-3A889096C956" value="true"/>
</engineerTo>
<use>0</use>
<ownDataTypeParameters>,,</ownDataTypeParameters>
</Attribute>
<Attribute name="Licence Plate Registration Number" id="02F341C5-8F80-6E69-7F1C-FC47E942D4F3">
<createdBy>User</createdBy>
<createdTime>2022-03-08 21:11:34 UTC</createdTime>
<ownerDesignName>3_7_main</ownerDesignName>
<engineerTo>
<item key="6F4EDB9B-B71C-0C90-A44F-3A889096C956" value="true"/>
</engineerTo>
<use>0</use>
<ownDataTypeParameters>,,</ownDataTypeParameters>
</Attribute>
<Attribute name="Type Code" id="22679BA8-48D4-19F4-907B-2334E93F7FD6">
<createdBy>User</createdBy>
<createdTime>2022-03-08 21:12:09 UTC</createdTime>
<ownerDesignName>3_7_main</ownerDesignName>
<engineerTo>
<item key="6F4EDB9B-B71C-0C90-A44F-3A889096C956" value="true"/>
</engineerTo>
<use>0</use>
<ownDataTypeParameters>,,</ownDataTypeParameters>
</Attribute>
<Attribute name="Last Maintaince Date" id="4D704ADC-A3BD-C18B-84F0-B1176A1A40A5">
<createdBy>User</createdBy>
<createdTime>2022-03-08 21:12:19 UTC</createdTime>
<ownerDesignName>3_7_main</ownerDesignName>
<engineerTo>
<item key="6F4EDB9B-B71C-0C90-A44F-3A889096C956" value="true"/>
</engineerTo>
<use>0</use>
<ownDataTypeParameters>,,</ownDataTypeParameters>
</Attribute>
<Attribute name="Expiration Date of Registration" id="3090F90D-4A93-50A0-4AEC-6BA864DDC5ED">
<createdBy>User</createdBy>
<createdTime>2022-03-08 21:12:41 UTC</createdTime>
<ownerDesignName>3_7_main</ownerDesignName>
<engineerTo>
<item key="6F4EDB9B-B71C-0C90-A44F-3A889096C956" value="true"/>
</engineerTo>
<use>0</use>
<ownDataTypeParameters>,,</ownDataTypeParameters>
</Attribute>
<Attribute name="Number " id="82088493-28DF-CCED-4897-86E7C0E0C092">
<createdBy>User</createdBy>
<createdTime>2022-03-08 21:16:33 UTC</createdTime>
<generatorID>6AACF820-EE45-DF98-DE5C-195499AAB9FC</generatorID>
<ownerDesignName>3_7_main</ownerDesignName>
<engineerTo>
<item key="6F4EDB9B-B71C-0C90-A44F-3A889096C956" value="true"/>
</engineerTo>
<referedAttribute>5F8DA5B4-2C44-E2AB-F8FF-CA0713A5400F</referedAttribute>
<use>0</use>
<ownDataTypeParameters>,,</ownDataTypeParameters>
</Attribute>
</attributes>
<identifiers itemClass="oracle.dbtools.crest.model.design.logical.CandidateKey">
<identifier id="8CCB305B-2CDC-C4CE-F46E-53641C50E634" name="Vehicle PK">
<createdBy>User</createdBy>
<createdTime>2022-03-08 21:11:20 UTC</createdTime>
<ownerDesignName>3_7_main</ownerDesignName>
<engineerTo>
<item key="6F4EDB9B-B71C-0C90-A44F-3A889096C956" value="true"/>
</engineerTo>
<pk>true</pk>
<usedAttributes>
<attributeRef>E90F7140-6CBF-3A61-5EFF-688379942FEA</attributeRef>
</usedAttributes>
</identifier>
</identifiers>
</Entity>