<?xml version = '1.0' encoding = 'UTF-8'?>
<Diagram class="oracle.dbtools.crest.swingui.logical.DPVLogical" name="Logical" id="16D502EE-490B-BA24-3C1C-7812FFB354B8">
<createdBy>User</createdBy>
<modifiedBy>User</modifiedBy>
<createdTime>2022-03-01 14:47:59 UTC</createdTime>
<autoRoute>false</autoRoute>
<boxInbox>true</boxInbox>
<showLegend>false</showLegend>
<showLabels>true</showLabels>
<showRelAttributes>false</showRelAttributes>
<gridEnabled>false</gridEnabled>
<showGrid>false</showGrid>
<diagramColor>-1</diagramColor>
<display>false</display>
<notation>1</notation>
<objectViews>
<OView class="oracle.dbtools.crest.swingui.logical.TVEntity" oid="10050448-BC59-9664-6B02-2FBBCE9A92DC" otype="Entity" vid="C9548B61-9408-465D-EDFE-3204F5F71150">
<hideElementsInCurrentOnly>false</hideElementsInCurrentOnly>
<bounds x="402" y="423" width="173" height="112"/>
</OView>
<OView class="oracle.dbtools.crest.swingui.logical.TVEntity" oid="3155DBD1-35BC-C037-FE34-BD567354FE79" otype="Entity" vid="5EFF4A56-E5B5-316B-ADB3-9568CCA71069">
<hideElementsInCurrentOnly>false</hideElementsInCurrentOnly>
<bounds x="681" y="406" width="189" height="146"/>
</OView>
<OView class="oracle.dbtools.crest.swingui.logical.TVEntity" oid="42E076F7-A061-5B32-AFB0-FB2D6C764CA9" otype="Entity" vid="19126C1D-9CBA-AFA4-87F1-1A4D7A228BF0">
<hideElementsInCurrentOnly>false</hideElementsInCurrentOnly>
<bounds x="390" y="260" width="170" height="110"/>
</OView>
<OView class="oracle.dbtools.crest.swingui.logical.TVEntity" oid="68A46BAB-2050-30CF-233D-485A1E63FA66" otype="Entity" vid="D4AE01C8-C2E4-580E-EDD8-F3318B23FC14">
<hideElementsInCurrentOnly>false</hideElementsInCurrentOnly>
<bounds x="136" y="268" width="170" height="114"/>
</OView>
<OView class="oracle.dbtools.crest.swingui.logical.TVEntity" oid="8775887B-03D5-819A-7002-12D000E4CC24" otype="Entity" vid="35F7BC60-6111-4F8B-7182-AF444EC21E57">
<hideElementsInCurrentOnly>false</hideElementsInCurrentOnly>
<bounds x="695" y="31" width="189" height="144"/>
</OView>
<OView class="oracle.dbtools.crest.swingui.logical.TVEntity" oid="A67F1C99-E136-A51F-FCAA-0D763E62AC82" otype="Entity" vid="9675F4A5-A6F9-06FC-B2EB-11D90D7B01A8">
<hideElementsInCurrentOnly>false</hideElementsInCurrentOnly>
<bounds x="395" y="53" width="170" height="110"/>
</OView>
<OView class="oracle.dbtools.crest.swingui.logical.TVEntity" oid="B6B0907E-24E4-6863-AB88-770EAFF163E6" otype="Entity" vid="BE8EF4BE-CE90-FF99-3A88-5E7502E9DE77">
<hideElementsInCurrentOnly>false</hideElementsInCurrentOnly>
<bounds x="406" y="582" width="170" height="111"/>
</OView>
<OView class="oracle.dbtools.crest.swingui.logical.TVEntity" oid="B77BD7F8-476A-5F8B-B229-BBB3D6824232" otype="Entity" vid="28CE9CF2-745B-4284-1F6C-B4147DE86789">
<hideElementsInCurrentOnly>false</hideElementsInCurrentOnly>
<bounds x="149" y="432" width="170" height="113"/>
</OView>
<OView class="oracle.dbtools.crest.swingui.logical.TVEntity" oid="F9A1E7EB-5B4E-887C-E4B7-113FD3AE3935" otype="Entity" vid="143E7FC0-0CEF-15E5-304C-68B319125B9F">
<hideElementsInCurrentOnly>false</hideElementsInCurrentOnly>
<bounds x="128" y="57" width="170" height="111"/>
</OView>
<OView class="oracle.dbtools.crest.swingui.logical.TVEntity" oid="FF513AAB-B916-4F9A-D887-819D6CA27A8F" otype="Entity" vid="F962446A-22D4-8857-566C-16CB646C9B5A">
<hideElementsInCurrentOnly>false</hideElementsInCurrentOnly>
<bounds x="671" y="252" width="220" height="134"/>
</OView>
</objectViews>
<connectors>
<Connector class="oracle.dbtools.crest.swingui.logical.TVRelation" oid="1E258295-749B-78A3-8176-C91C8B4C9404" otype="Relation" vid_source="D4AE01C8-C2E4-580E-EDD8-F3318B23FC14" vid_target="19126C1D-9CBA-AFA4-87F1-1A4D7A228BF0">
<hideElementsInCurrentOnly>false</hideElementsInCurrentOnly>
<backgroundColor>-16777216</backgroundColor>
<lineWidth>1</lineWidth>
<sourceLabel class="oracle.dbtools.crest.model.design.Label">
<site>0</site>
<labelBounds x="316" y="292" width="36" height="27"/>
<noBackgroundColor>true</noBackgroundColor>
<noForegroundColor>true</noForegroundColor>
</sourceLabel>
<targetLabel class="oracle.dbtools.crest.model.design.Label">
<site>2</site>
<labelBounds x="333" y="322" width="51" height="30"/>
<noBackgroundColor>true</noBackgroundColor>
<noForegroundColor>true</noForegroundColor>
</targetLabel>
<points>
<point x="306" y="319"/>
<point x="390" y="319"/>
</points>
</Connector>
<Connector class="oracle.dbtools.crest.swingui.logical.TVRelation" oid="214A73B8-B02F-9D0E-3E37-D3ADD5696718" otype="Relation" vid_source="143E7FC0-0CEF-15E5-304C-68B319125B9F" vid_target="9675F4A5-A6F9-06FC-B2EB-11D90D7B01A8">
<hideElementsInCurrentOnly>false</hideElementsInCurrentOnly>
<backgroundColor>-16777216</backgroundColor>
<lineWidth>1</lineWidth>
<sourceLabel class="oracle.dbtools.crest.model.design.Label">
<site>0</site>
<labelBounds x="308" y="80" width="36" height="30"/>
<noBackgroundColor>true</noBackgroundColor>
<noForegroundColor>true</noForegroundColor>
</sourceLabel>
<targetLabel class="oracle.dbtools.crest.model.design.Label">
<site>2</site>
<labelBounds x="335" y="113" width="54" height="30"/>
<noBackgroundColor>true</noBackgroundColor>
<noForegroundColor>true</noForegroundColor>
</targetLabel>
<points>
<point x="298" y="110"/>
<point x="395" y="110"/>
</points>
</Connector>
<Connector class="oracle.dbtools.crest.swingui.logical.TVRelation" oid="86441067-4B6F-0A1D-D139-20EF713407E9" otype="Relation" vid_source="F962446A-22D4-8857-566C-16CB646C9B5A" vid_target="19126C1D-9CBA-AFA4-87F1-1A4D7A228BF0">
<hideElementsInCurrentOnly>false</hideElementsInCurrentOnly>
<backgroundColor>-16777216</backgroundColor>
<lineWidth>1</lineWidth>
<sourceLabel class="oracle.dbtools.crest.model.design.Label">
<site>0</site>
<labelBounds x="626" y="285" width="36" height="30"/>
<noBackgroundColor>true</noBackgroundColor>
<noForegroundColor>true</noForegroundColor>
</sourceLabel>
<targetLabel class="oracle.dbtools.crest.model.design.Label">
<site>2</site>
<labelBounds x="570" y="318" width="51" height="30"/>
<noBackgroundColor>true</noBackgroundColor>
<noForegroundColor>true</noForegroundColor>
</targetLabel>
<points>
<point x="671" y="315"/>
<point x="560" y="315"/>
</points>
</Connector>
<Connector class="oracle.dbtools.crest.swingui.logical.TVRelation" oid="91684854-3D21-CAEA-93FF-EAAD3CDF1A8B" otype="Relation" vid_source="28CE9CF2-745B-4284-1F6C-B4147DE86789" vid_target="C9548B61-9408-465D-EDFE-3204F5F71150">
<hideElementsInCurrentOnly>false</hideElementsInCurrentOnly>
<backgroundColor>-16777216</backgroundColor>
<lineWidth>1</lineWidth>
<sourceLabel class="oracle.dbtools.crest.model.design.Label">
<site>0</site>
<labelBounds x="329" y="453" width="80" height="30"/>
<noBackgroundColor>true</noBackgroundColor>
<noForegroundColor>true</noForegroundColor>
</sourceLabel>
<targetLabel class="oracle.dbtools.crest.model.design.Label">
<site>2</site>
<labelBounds x="354" y="486" width="42" height="30"/>
<noBackgroundColor>true</noBackgroundColor>
<noForegroundColor>true</noForegroundColor>
</targetLabel>
<points>
<point x="319" y="483"/>
<point x="402" y="483"/>
</points>
</Connector>
<Connector class="oracle.dbtools.crest.swingui.logical.TVRelation" oid="A4C9E27E-E46C-EF0A-6E75-BF3835B6AED1" otype="Relation" vid_source="BE8EF4BE-CE90-FF99-3A88-5E7502E9DE77" vid_target="28CE9CF2-745B-4284-1F6C-B4147DE86789">
<hideElementsInCurrentOnly>false</hideElementsInCurrentOnly>
<backgroundColor>-16777216</backgroundColor>
<lineWidth>1</lineWidth>
<sourceLabel class="oracle.dbtools.crest.model.design.Label">
<site>0</site>
<labelBounds x="358" y="588" width="42" height="30"/>
<noBackgroundColor>true</noBackgroundColor>
<noForegroundColor>true</noForegroundColor>
</sourceLabel>
<targetLabel class="oracle.dbtools.crest.model.design.Label">
<site>2</site>
<labelBounds x="329" y="537" width="38" height="30"/>
<noBackgroundColor>true</noBackgroundColor>
<noForegroundColor>true</noForegroundColor>
</targetLabel>
<points>
<point x="406" y="588"/>
<point x="319" y="537"/>
</points>
</Connector>
<Connector class="oracle.dbtools.crest.swingui.logical.TVRelation" oid="AA2EA6D2-5B95-91D6-398D-BE83D1FE64F5" otype="Relation" vid_source="35F7BC60-6111-4F8B-7182-AF444EC21E57" vid_target="9675F4A5-A6F9-06FC-B2EB-11D90D7B01A8">
<hideElementsInCurrentOnly>false</hideElementsInCurrentOnly>
<backgroundColor>-16777216</backgroundColor>
<lineWidth>1</lineWidth>
<sourceLabel class="oracle.dbtools.crest.model.design.Label">
<site>0</site>
<labelBounds x="638" y="78" width="51" height="30"/>
<noBackgroundColor>true</noBackgroundColor>
<noForegroundColor>true</noForegroundColor>
</sourceLabel>
<targetLabel class="oracle.dbtools.crest.model.design.Label">
<site>2</site>
<labelBounds x="575" y="111" width="36" height="30"/>
<noBackgroundColor>true</noBackgroundColor>
<noForegroundColor>true</noForegroundColor>
</targetLabel>
<points>
<point x="695" y="108"/>
<point x="565" y="108"/>
</points>
</Connector>
<Connector class="oracle.dbtools.crest.swingui.logical.TVRelation" oid="AC143E58-B37A-C674-DB01-03537E167526" otype="Relation" vid_source="BE8EF4BE-CE90-FF99-3A88-5E7502E9DE77" vid_target="5EFF4A56-E5B5-316B-ADB3-9568CCA71069">
<hideElementsInCurrentOnly>false</hideElementsInCurrentOnly>
<backgroundColor>-16777216</backgroundColor>
<lineWidth>1</lineWidth>
<sourceLabel class="oracle.dbtools.crest.model.design.Label">
<site>0</site>
<labelBounds x="586" y="590" width="54" height="30"/>
<noBackgroundColor>true</noBackgroundColor>
<noForegroundColor>true</noForegroundColor>
</sourceLabel>
<targetLabel class="oracle.dbtools.crest.model.design.Label">
<site>2</site>
<labelBounds x="641" y="531" width="34" height="30"/>
<noBackgroundColor>true</noBackgroundColor>
<noForegroundColor>true</noForegroundColor>
</targetLabel>
<points>
<point x="576" y="590"/>
<point x="681" y="531"/>
</points>
</Connector>
<Connector class="oracle.dbtools.crest.swingui.logical.TVRelation" oid="EFA6364E-CE30-F6D9-E5E4-464FB1576EDF" otype="Relation" vid_source="5EFF4A56-E5B5-316B-ADB3-9568CCA71069" vid_target="C9548B61-9408-465D-EDFE-3204F5F71150">
<hideElementsInCurrentOnly>false</hideElementsInCurrentOnly>
<backgroundColor>-16777216</backgroundColor>
<lineWidth>1</lineWidth>
<sourceLabel class="oracle.dbtools.crest.model.design.Label">
<site>0</site>
<labelBounds x="633" y="449" width="42" height="30"/>
<noBackgroundColor>true</noBackgroundColor>
<noForegroundColor>true</noForegroundColor>
</sourceLabel>
<targetLabel class="oracle.dbtools.crest.model.design.Label">
<site>2</site>
<labelBounds x="585" y="482" width="80" height="30"/>
<noBackgroundColor>true</noBackgroundColor>
<noForegroundColor>true</noForegroundColor>
</targetLabel>
<points>
<point x="681" y="479"/>
<point x="575" y="479"/>
</points>
</Connector>
</connectors>
</Diagram>