<?xml version = '1.0' encoding = 'UTF-8'?>
<Relation class="oracle.dbtools.crest.model.design.logical.Relation" name="Relation_1" directorySegmentName="seg_0" id="2E6D3955-0C51-BEC0-57D6-B9637C58612B">
<createdBy>User</createdBy>
<createdTime>2022-03-08 20:39:31 UTC</createdTime>
<ownerDesignName>3_6_main</ownerDesignName>
<engineerTo>
<item key="99349D6A-F238-DA9F-ABC5-E8BC59A00432" value="true"/>
</engineerTo>
<sourcePk>E0AB19D7-2E02-1085-A9C3-820CC632DF87</sourcePk>
<identifying>false</identifying>
<nameOnSource>responsible for</nameOnSource>
<nameOnTarget>under responsibility</nameOnTarget>
<optionalSource>true</optionalSource>
<optionalTarget>false</optionalTarget>
<sourceCardinality>1</sourceCardinality>
<sourceEntity>03454C01-1A78-DFC5-D599-324354C90474</sourceEntity>
<targetCardinalityString>*</targetCardinalityString>
<targetEntity>D105A9F2-4AFC-A904-5468-ECC393E2B129</targetEntity>
<transferable>true</transferable>
<deleteRule>NO ACTION</deleteRule>
</Relation>