<?xml version = '1.0' encoding = 'UTF-8'?>
<Relation class="oracle.dbtools.crest.model.design.logical.Relation" name="Relation_9" directorySegmentName="seg_0" id="5C68A4DA-D02B-D3CD-C763-93089A42EBC6">
<createdBy>User</createdBy>
<createdTime>2022-03-08 20:57:16 UTC</createdTime>
<ownerDesignName>3_6_main</ownerDesignName>
<engineerTo>
<item key="99349D6A-F238-DA9F-ABC5-E8BC59A00432" value="true"/>
</engineerTo>
<targetPk>BC8E490F-FEE1-D5C4-1D22-9FA99000A3E7</targetPk>
<identifying>false</identifying>
<nameOnSource>responsible for</nameOnSource>
<nameOnTarget>under responsibility</nameOnTarget>
<optionalSource>true</optionalSource>
<optionalTarget>true</optionalTarget>
<sourceCardinality>1</sourceCardinality>
<sourceEntity>59240323-1D55-2296-CBFB-56A7D6B4704E</sourceEntity>
<targetCardinalityString>*</targetCardinalityString>
<targetEntity>59240323-1D55-2296-CBFB-56A7D6B4704E</targetEntity>
<transferable>true</transferable>
<deleteRule>NO ACTION</deleteRule>
</Relation>