<?xml version = '1.0' encoding = 'UTF-8'?>
<Relation class="oracle.dbtools.crest.model.design.logical.Relation" name="Relation_10" directorySegmentName="seg_0" id="FF48FCC5-8B6F-BF3D-BC3F-592C611AF409">
<createdBy>User</createdBy>
<createdTime>2022-03-08 20:58:18 UTC</createdTime>
<ownerDesignName>3_6_main</ownerDesignName>
<engineerTo>
<item key="99349D6A-F238-DA9F-ABC5-E8BC59A00432" value="true"/>
</engineerTo>
<targetPk>B1404096-0181-8733-249C-409164816935</targetPk>
<identifying>false</identifying>
<nameOnSource>made up</nameOnSource>
<nameOnTarget>within</nameOnTarget>
<optionalSource>true</optionalSource>
<optionalTarget>true</optionalTarget>
<sourceCardinality>1</sourceCardinality>
<sourceEntity>AE775FD8-0EEC-1CEC-F396-EBEE9B353300</sourceEntity>
<targetCardinalityString>*</targetCardinalityString>
<targetEntity>AE775FD8-0EEC-1CEC-F396-EBEE9B353300</targetEntity>
<transferable>true</transferable>
<deleteRule>NO ACTION</deleteRule>
</Relation>