<?xml version = '1.0' encoding = 'UTF-8'?>
<Relation class="oracle.dbtools.crest.model.design.logical.Relation" name="Relation_10" directorySegmentName="seg_0" id="64AF65B1-439F-7718-1A97-F57F041C0971">
<createdBy>Василий</createdBy>
<createdTime>2023-02-27 09:07:04 UTC</createdTime>
<ownerDesignName>3.1.3</ownerDesignName>
<engineerTo>
<item key="F0C4914D-0188-13B3-1192-6FA260E2C333" value="true"/>
</engineerTo>
<sourcePk>61ACFC70-612C-53A2-D2E1-109A043B9365</sourcePk>
<identifying>false</identifying>
<nameOnSource>represent</nameOnSource>
<nameOnTarget>represented by</nameOnTarget>
<optionalSource>true</optionalSource>
<optionalTarget>false</optionalTarget>
<sourceCardinality>1</sourceCardinality>
<sourceEntity>E4940170-E1CE-BA4A-440C-B6425ADCFE1B</sourceEntity>
<targetCardinalityString>1</targetCardinalityString>
<targetEntity>A3A37B6F-3A3B-D47C-5848-FCD8DD5873C4</targetEntity>
<transferable>true</transferable>
<deleteRule>NO ACTION</deleteRule>
</Relation>