<?xml version = '1.0' encoding = 'UTF-8'?>
<Diagram class="oracle.dbtools.crest.swingui.logical.DPVLogical" name="Logical" id="A6111309-7159-3202-A9CC-86B02F800BFA">
<createdBy>rusza</createdBy>
<modifiedBy>rusza</modifiedBy>
<createdTime>2022-03-02 21:40:48 UTC</createdTime>
<autoRoute>false</autoRoute>
<boxInbox>true</boxInbox>
<showLegend>false</showLegend>
<showLabels>true</showLabels>
<showRelAttributes>false</showRelAttributes>
<gridEnabled>false</gridEnabled>
<showGrid>false</showGrid>
<diagramColor>-1</diagramColor>
<display>false</display>
<notation>1</notation>
<objectViews>
<OView class="oracle.dbtools.crest.swingui.logical.TVEntity" oid="0035612D-D59D-4028-F8FD-A1EC65903BE5" otype="Entity" vid="20A25B96-2EDD-4AA8-EB26-3080E08624A1">
<hideElementsInCurrentOnly>false</hideElementsInCurrentOnly>
<bounds x="94" y="381" width="170" height="110"/>
</OView>
<OView class="oracle.dbtools.crest.swingui.logical.TVEntity" oid="7B6E2269-40B6-91F3-368B-67DFC3C8A675" otype="Entity" vid="EDF614D0-FF0C-5866-B13A-19BB1A4F3AA9">
<hideElementsInCurrentOnly>false</hideElementsInCurrentOnly>
<bounds x="101" y="174" width="170" height="110"/>
</OView>
<OView class="oracle.dbtools.crest.swingui.logical.TVEntity" oid="8E71CD58-CBDF-FAD3-FADE-D24C07553D60" otype="Entity" vid="8F5B4963-4CB9-65ED-3206-B04C81ED0889">
<hideElementsInCurrentOnly>false</hideElementsInCurrentOnly>
<bounds x="439" y="227" width="170" height="191"/>
</OView>
<OView class="oracle.dbtools.crest.swingui.logical.TVEntity" oid="A474046B-ED61-D249-86C2-9C85C223F208" otype="Entity" vid="E9499294-C00B-0CD5-0CFD-AD3D18298E0C">
<hideElementsInCurrentOnly>false</hideElementsInCurrentOnly>
<bounds x="728" y="489" width="170" height="111"/>
</OView>
<OView class="oracle.dbtools.crest.swingui.logical.TVEntity" oid="D3EB3283-FB86-F8D8-CC10-B53BCBDE8A69" otype="Entity" vid="CE320693-EB42-9E56-862D-DA4BCAF365F8">
<hideElementsInCurrentOnly>false</hideElementsInCurrentOnly>
<bounds x="444" y="517" width="170" height="112"/>
</OView>
<OView class="oracle.dbtools.crest.swingui.logical.TVEntity" oid="F0A0AD06-F487-136C-96CC-B048C695E392" otype="Entity" vid="DD5C0BC0-16F1-DD50-305E-CD1278BB94FD">
<hideElementsInCurrentOnly>false</hideElementsInCurrentOnly>
<bounds x="439" y="33" width="170" height="112"/>
</OView>
<OView class="oracle.dbtools.crest.swingui.logical.TVEntity" oid="F815CBA8-82EB-D146-9460-392F85537192" otype="Entity" vid="0B8A1622-B8FE-DE29-25BD-38F8D8381A1E">
<hideElementsInCurrentOnly>false</hideElementsInCurrentOnly>
<bounds x="739" y="267" width="170" height="111"/>
</OView>
</objectViews>
<connectors>
<Connector class="oracle.dbtools.crest.swingui.logical.TVRelation" oid="02B1756C-A36F-BA85-BFC4-387AA634CFC2" otype="Relation" vid_source="20A25B96-2EDD-4AA8-EB26-3080E08624A1" vid_target="8F5B4963-4CB9-65ED-3206-B04C81ED0889">
<hideElementsInCurrentOnly>false</hideElementsInCurrentOnly>
<backgroundColor>-16777216</backgroundColor>
<lineWidth>1</lineWidth>
<sourceLabel class="oracle.dbtools.crest.model.design.Label">
<site>0</site>
<labelBounds x="274" y="369" width="63" height="30"/>
<noBackgroundColor>true</noBackgroundColor>
<noForegroundColor>true</noForegroundColor>
</sourceLabel>
<targetLabel class="oracle.dbtools.crest.model.design.Label">
<site>2</site>
<labelBounds x="380" y="402" width="53" height="30"/>
<noBackgroundColor>true</noBackgroundColor>
<noForegroundColor>true</noForegroundColor>
</targetLabel>
<points>
<point x="264" y="399"/>
<point x="439" y="399"/>
</points>
</Connector>
<Connector class="oracle.dbtools.crest.swingui.logical.TVRelation" oid="2342E07F-6EBB-E7D0-BF74-B370C864960F" otype="Relation" vid_source="EDF614D0-FF0C-5866-B13A-19BB1A4F3AA9" vid_target="8F5B4963-4CB9-65ED-3206-B04C81ED0889">
<hideElementsInCurrentOnly>false</hideElementsInCurrentOnly>
<backgroundColor>-16777216</backgroundColor>
<lineWidth>1</lineWidth>
<sourceLabel class="oracle.dbtools.crest.model.design.Label">
<site>0</site>
<labelBounds x="281" y="225" width="146" height="30"/>
<noBackgroundColor>true</noBackgroundColor>
<noForegroundColor>true</noForegroundColor>
</sourceLabel>
<targetLabel class="oracle.dbtools.crest.model.design.Label">
<site>2</site>
<labelBounds x="362" y="258" width="71" height="30"/>
<noBackgroundColor>true</noBackgroundColor>
<noForegroundColor>true</noForegroundColor>
</targetLabel>
<points>
<point x="271" y="255"/>
<point x="439" y="255"/>
</points>
</Connector>
<Connector class="oracle.dbtools.crest.swingui.logical.TVRelation" oid="5CCB419D-5F5A-1112-7A32-D32A921BFD04" otype="Relation" vid_source="DD5C0BC0-16F1-DD50-305E-CD1278BB94FD" vid_target="8F5B4963-4CB9-65ED-3206-B04C81ED0889">
<hideElementsInCurrentOnly>false</hideElementsInCurrentOnly>
<backgroundColor>-16777216</backgroundColor>
<lineWidth>1</lineWidth>
<sourceLabel class="oracle.dbtools.crest.model.design.Label">
<site>0</site>
<labelBounds x="524" y="181" width="21" height="30"/>
<noBackgroundColor>true</noBackgroundColor>
<noForegroundColor>true</noForegroundColor>
</sourceLabel>
<targetLabel class="oracle.dbtools.crest.model.design.Label">
<site>2</site>
<labelBounds x="524" y="166" width="86" height="39"/>
<noBackgroundColor>true</noBackgroundColor>
<noForegroundColor>true</noForegroundColor>
</targetLabel>
<points>
<point x="524" y="145"/>
<point x="524" y="227"/>
</points>
</Connector>
<Connector class="oracle.dbtools.crest.swingui.logical.TVRelation" oid="5D133F78-3424-4173-C0FF-5904E065935C" otype="Relation" vid_source="8F5B4963-4CB9-65ED-3206-B04C81ED0889" vid_target="CE320693-EB42-9E56-862D-DA4BCAF365F8">
<hideElementsInCurrentOnly>false</hideElementsInCurrentOnly>
<backgroundColor>-16777216</backgroundColor>
<lineWidth>1</lineWidth>
<sourceLabel class="oracle.dbtools.crest.model.design.Label">
<site>0</site>
<labelBounds x="526" y="478" width="56" height="30"/>
<noBackgroundColor>true</noBackgroundColor>
<noForegroundColor>true</noForegroundColor>
</sourceLabel>
<targetLabel class="oracle.dbtools.crest.model.design.Label">
<site>2</site>
<labelBounds x="526" y="425" width="110" height="86"/>
<noBackgroundColor>true</noBackgroundColor>
<noForegroundColor>true</noForegroundColor>
</targetLabel>
<points>
<point x="526" y="418"/>
<point x="526" y="517"/>
</points>
</Connector>
<Connector class="oracle.dbtools.crest.swingui.logical.TVRelation" oid="8F8C04F4-E119-FBC3-74C5-B67DD7E3EDE8" otype="Relation" vid_source="EDF614D0-FF0C-5866-B13A-19BB1A4F3AA9" vid_target="20A25B96-2EDD-4AA8-EB26-3080E08624A1">
<hideElementsInCurrentOnly>false</hideElementsInCurrentOnly>
<backgroundColor>-16777216</backgroundColor>
<lineWidth>1</lineWidth>
<sourceLabel class="oracle.dbtools.crest.model.design.Label">
<site>0</site>
<labelBounds x="182" y="328" width="63" height="30"/>
<noBackgroundColor>true</noBackgroundColor>
<noForegroundColor>true</noForegroundColor>
</sourceLabel>
<targetLabel class="oracle.dbtools.crest.model.design.Label">
<site>2</site>
<labelBounds x="182" y="292" width="167" height="75"/>
<noBackgroundColor>true</noBackgroundColor>
<noForegroundColor>true</noForegroundColor>
</targetLabel>
<points>
<point x="182" y="284"/>
<point x="182" y="381"/>
</points>
</Connector>
<Connector class="oracle.dbtools.crest.swingui.logical.TVRelation" oid="CC439B34-5886-5A32-7BC7-C7E30A0F9048" otype="Relation" vid_source="8F5B4963-4CB9-65ED-3206-B04C81ED0889" vid_target="0B8A1622-B8FE-DE29-25BD-38F8D8381A1E">
<hideElementsInCurrentOnly>false</hideElementsInCurrentOnly>
<backgroundColor>-16777216</backgroundColor>
<lineWidth>1</lineWidth>
<sourceLabel class="oracle.dbtools.crest.model.design.Label">
<site>0</site>
<labelBounds x="619" y="292" width="45" height="30"/>
<noBackgroundColor>true</noBackgroundColor>
<noForegroundColor>true</noForegroundColor>
</sourceLabel>
<targetLabel class="oracle.dbtools.crest.model.design.Label">
<site>2</site>
<labelBounds x="677" y="325" width="56" height="30"/>
<noBackgroundColor>true</noBackgroundColor>
<noForegroundColor>true</noForegroundColor>
</targetLabel>
<points>
<point x="609" y="322"/>
<point x="739" y="322"/>
</points>
</Connector>
<Connector class="oracle.dbtools.crest.swingui.logical.TVRelation" oid="FEBA11FF-633F-E531-EFE3-7D881345877C" otype="Relation" vid_source="E9499294-C00B-0CD5-0CFD-AD3D18298E0C" vid_target="0B8A1622-B8FE-DE29-25BD-38F8D8381A1E">
<hideElementsInCurrentOnly>false</hideElementsInCurrentOnly>
<backgroundColor>-16777216</backgroundColor>
<lineWidth>1</lineWidth>
<sourceLabel class="oracle.dbtools.crest.model.design.Label">
<site>0</site>
<labelBounds x="818" y="453" width="61" height="30"/>
<noBackgroundColor>true</noBackgroundColor>
<noForegroundColor>true</noForegroundColor>
</sourceLabel>
<targetLabel class="oracle.dbtools.crest.model.design.Label">
<site>2</site>
<labelBounds x="818" y="422" width="93" height="30"/>
<noBackgroundColor>true</noBackgroundColor>
<noForegroundColor>true</noForegroundColor>
</targetLabel>
<points>
<point x="818" y="489"/>
<point x="818" y="378"/>
</points>
</Connector>
</connectors>
</Diagram>