<?xml version = '1.0' encoding = 'UTF-8'?>
<Relation class="oracle.dbtools.crest.model.design.logical.InheritanceRelation" name="Hierarchy_1" directorySegmentName="seg_0" id="0560258C-817D-D9EB-CF35-385BF1DE263F">
<createdBy>User</createdBy>
<createdTime>2022-03-08 21:14:31 UTC</createdTime>
<ownerDesignName>3.1.7 Practice</ownerDesignName>
<engineerTo>
<item key="6F4EDB9B-B71C-0C90-A44F-3A889096C956" value="true"/>
</engineerTo>
<identifying>false</identifying>
<nameOnSource>Super Type</nameOnSource>
<nameOnTarget>Sub Type</nameOnTarget>
<optionalSource>true</optionalSource>
<optionalTarget>true</optionalTarget>
<sourceEntity>18077E61-B88F-AA99-3A35-A485196D80F5</sourceEntity>
<targetEntity>5613330F-5406-824C-255D-57510F3C272F</targetEntity>
<transferable>true</transferable>
<deleteRule>NO ACTION</deleteRule>
</Relation>