<?xml version = '1.0' encoding = 'UTF-8'?>
<Relation class="oracle.dbtools.crest.model.design.logical.Relation" name="Relation_2" directorySegmentName="seg_0" id="6B68A0FD-E199-86FD-CA4B-B4F6967CAA0E">
<createdBy>User</createdBy>
<createdTime>2022-03-14 15:05:11 UTC</createdTime>
<ownerDesignName>3_2 Project</ownerDesignName>
<engineerTo>
<item key="1BDABE97-5459-1B0C-05AD-9550BB864CCB" value="true"/>
</engineerTo>
<sourcePk>3FD7A0E4-BC69-6D46-A57F-8D796607B142</sourcePk>
<targetPk>F3203205-04F6-66D6-459D-36267159183A</targetPk>
<identifying>false</identifying>
<nameOnSource>represent</nameOnSource>
<nameOnTarget>represented by</nameOnTarget>
<optionalSource>false</optionalSource>
<optionalTarget>false</optionalTarget>
<sourceCardinality>1</sourceCardinality>
<sourceEntity>7B65A93E-0462-57E9-B565-0B70CCE58FA2</sourceEntity>
<targetCardinalityString>1</targetCardinalityString>
<targetEntity>A9A767F4-9D2E-9965-3A8B-6EAA935BF202</targetEntity>
<transferable>true</transferable>
<deleteRule>NO ACTION</deleteRule>
</Relation>