<?xml version = '1.0' encoding = 'UTF-8'?>
<Diagram class="oracle.dbtools.crest.swingui.logical.DPVLogical" name="Logical" id="7C31BBED-875F-BF14-8F98-657D125B883C">
<createdBy>Василий</createdBy>
<modifiedBy>Василий</modifiedBy>
<createdTime>2023-02-26 18:15:01 UTC</createdTime>
<autoRoute>false</autoRoute>
<boxInbox>true</boxInbox>
<showLegend>false</showLegend>
<showLabels>true</showLabels>
<showRelAttributes>false</showRelAttributes>
<gridEnabled>false</gridEnabled>
<showGrid>false</showGrid>
<diagramColor>-1</diagramColor>
<display>false</display>
<notation>1</notation>
<objectViews>
<OView class="oracle.dbtools.crest.swingui.logical.TVEntity" oid="5254A90A-A093-0142-EE02-5362FE9563A4" otype="Entity" vid="976FC52C-20D2-2F19-883D-B56C370273BF">
<hideElementsInCurrentOnly>false</hideElementsInCurrentOnly>
<bounds x="688" y="146" width="200" height="120"/>
</OView>
<OView class="oracle.dbtools.crest.swingui.logical.TVEntity" oid="88AC68CE-41E5-8378-4B61-1A3EC952CA43" otype="Entity" vid="9B197176-93A0-F417-4C10-7054593ED912">
<hideElementsInCurrentOnly>false</hideElementsInCurrentOnly>
<bounds x="357" y="139" width="210" height="129"/>
</OView>
<OView class="oracle.dbtools.crest.swingui.logical.TVEntity" oid="99772DF3-794E-FC70-956F-E18F30A769F6" otype="Entity" vid="AB0CD660-3327-30FF-1517-45CB27F13BB4">
<hideElementsInCurrentOnly>false</hideElementsInCurrentOnly>
<bounds x="1007" y="144" width="187" height="122"/>
</OView>
</objectViews>
<connectors>
<Connector class="oracle.dbtools.crest.swingui.logical.TVRelation" oid="037A7B08-455B-3490-FF61-B9B91728306C" otype="Relation" vid_source="AB0CD660-3327-30FF-1517-45CB27F13BB4" vid_target="976FC52C-20D2-2F19-883D-B56C370273BF">
<hideElementsInCurrentOnly>false</hideElementsInCurrentOnly>
<backgroundColor>-16777216</backgroundColor>
<lineWidth>1</lineWidth>
<sourceLabel class="oracle.dbtools.crest.model.design.Label">
<site>0</site>
<labelBounds x="951" y="176" width="50" height="30"/>
<noBackgroundColor>true</noBackgroundColor>
<noForegroundColor>true</noForegroundColor>
</sourceLabel>
<targetLabel class="oracle.dbtools.crest.model.design.Label">
<site>2</site>
<labelBounds x="898" y="209" width="44" height="30"/>
<noBackgroundColor>true</noBackgroundColor>
<noForegroundColor>true</noForegroundColor>
</targetLabel>
<points>
<point x="1007" y="206"/>
<point x="888" y="206"/>
</points>
</Connector>
<Connector class="oracle.dbtools.crest.swingui.logical.TVRelation" oid="298138A6-8536-5E1E-9777-22485E09F8BF" otype="Relation" vid_source="9B197176-93A0-F417-4C10-7054593ED912" vid_target="976FC52C-20D2-2F19-883D-B56C370273BF">
<hideElementsInCurrentOnly>false</hideElementsInCurrentOnly>
<backgroundColor>-16777216</backgroundColor>
<lineWidth>1</lineWidth>
<sourceLabel class="oracle.dbtools.crest.model.design.Label">
<site>0</site>
<labelBounds x="577" y="176" width="50" height="30"/>
<noBackgroundColor>true</noBackgroundColor>
<noForegroundColor>true</noForegroundColor>
</sourceLabel>
<targetLabel class="oracle.dbtools.crest.model.design.Label">
<site>2</site>
<labelBounds x="638" y="209" width="44" height="30"/>
<noBackgroundColor>true</noBackgroundColor>
<noForegroundColor>true</noForegroundColor>
</targetLabel>
<points>
<point x="567" y="206"/>
<point x="688" y="206"/>
</points>
</Connector>
</connectors>
</Diagram>