<?xml version = '1.0' encoding = 'UTF-8'?>
<Entity class="oracle.dbtools.crest.model.design.logical.Entity" directorySegmentName="seg_0" id="9B2E3247-5D7B-C51E-A110-67029E41CEAF" name="Suite">
<createdBy>Василий</createdBy>
<createdTime>2023-02-26 16:07:47 UTC</createdTime>
<ownerDesignName>3_5_main</ownerDesignName>
<engineerTo>
<item key="C7FA77AC-C482-CE84-D5F4-5B65A32B32AA" value="true"/>
</engineerTo>
<adequatelyNormalized>NO</adequatelyNormalized>
<expectedVolumes>0</expectedVolumes>
<fwdEngineeringStrategyName>Single Table</fwdEngineeringStrategyName>
<growthPercent>0</growthPercent>
<growthType>Year</growthType>
<maxVolumes>9999999</maxVolumes>
<minVolumes>0</minVolumes>
<normalForm>Third</normalForm>
<attributes itemClass="oracle.dbtools.crest.model.design.logical.Attribute">
<Attribute name="Number" id="7BC2D0BA-E811-3660-DCCE-0D41C0139438">
<createdBy>Василий</createdBy>
<createdTime>2023-02-26 16:07:54 UTC</createdTime>
<ownerDesignName>3_5_main</ownerDesignName>
<engineerTo>
<item key="C7FA77AC-C482-CE84-D5F4-5B65A32B32AA" value="true"/>
</engineerTo>
<use>0</use>
<ownDataTypeParameters>,,</ownDataTypeParameters>
</Attribute>
<Attribute name="Number1" id="E3C74F36-C899-F018-3AD6-85F726BB7EA2">
<createdBy>Василий</createdBy>
<createdTime>2023-02-26 16:09:49 UTC</createdTime>
<generatorID>50842755-71D3-A170-5C84-0CF5A967F447</generatorID>
<ownerDesignName>3_5_main</ownerDesignName>
<engineerTo>
<item key="C7FA77AC-C482-CE84-D5F4-5B65A32B32AA" value="true"/>
</engineerTo>
<referedAttribute>BF066A4F-E2B4-3B3A-A706-3241CA20AC2C</referedAttribute>
<use>0</use>
<ownDataTypeParameters>,,</ownDataTypeParameters>
</Attribute>
</attributes>
<identifiers itemClass="oracle.dbtools.crest.model.design.logical.CandidateKey">
<identifier id="19F6D7A3-A4A5-1B2B-6102-75E7059D817C" name="Suite PK">
<createdBy>Василий</createdBy>
<createdTime>2023-02-26 16:07:57 UTC</createdTime>
<ownerDesignName>3_5_main</ownerDesignName>
<engineerTo>
<item key="C7FA77AC-C482-CE84-D5F4-5B65A32B32AA" value="true"/>
</engineerTo>
<pk>true</pk>
<usedAttributes>
<attributeRef>7BC2D0BA-E811-3660-DCCE-0D41C0139438</attributeRef>
</usedAttributes>
</identifier>
</identifiers>
</Entity>