<?xml version = '1.0' encoding = 'UTF-8'?>
<relationalModel class="oracle.dbtools.crest.model.design.relational.RelationalDesign" name="Relational_1" id="1BDABE97-5459-1B0C-05AD-9550BB864CCB" mainViewID="8101E74A-A174-EA9C-F282-DDB5D3301182">
<createdBy>User</createdBy>
<createdTime>2022-03-14 14:56:26 UTC</createdTime>
<ownerDesignName>3.3.1 Project start</ownerDesignName>
<shouldBeOpen>true</shouldBeOpen>
<selectedRDBMSSite>32076570-2523-435C-2E92-BF29817DFF70</selectedRDBMSSite>
</relationalModel>