<?xml version = '1.0' encoding = 'UTF-8'?>
<Relation class="oracle.dbtools.crest.model.design.logical.Relation" name="Изучение курса" directorySegmentName="seg_0" id="02B1756C-A36F-BA85-BFC4-387AA634CFC2">
<createdBy>rusza</createdBy>
<createdTime>2022-03-02 21:48:20 UTC</createdTime>
<ownerDesignName>2_5</ownerDesignName>
<engineerTo>
<item key="6E5DC98E-403E-986F-5F3F-963B9FF9C3E5" value="true"/>
</engineerTo>
<identifying>false</identifying>
<nameOnSource>Включает</nameOnSource>
<nameOnTarget>Изучает</nameOnTarget>
<optionalSource>false</optionalSource>
<optionalTarget>true</optionalTarget>
<sourceCardinality>*</sourceCardinality>
<sourceEntity>0035612D-D59D-4028-F8FD-A1EC65903BE5</sourceEntity>
<targetCardinalityString>*</targetCardinalityString>
<targetEntity>8E71CD58-CBDF-FAD3-FADE-D24C07553D60</targetEntity>
<transferable>true</transferable>
<deleteRule>NO ACTION</deleteRule>
</Relation>