<?xml version = '1.0' encoding = 'UTF-8'?>
<Relation class="oracle.dbtools.crest.model.design.logical.Relation" name="Включает" directorySegmentName="seg_0" id="8F8C04F4-E119-FBC3-74C5-B67DD7E3EDE8">
<createdBy>rusza</createdBy>
<createdTime>2022-03-02 21:47:06 UTC</createdTime>
<ownerDesignName>2_5</ownerDesignName>
<engineerTo>
<item key="6E5DC98E-403E-986F-5F3F-963B9FF9C3E5" value="true"/>
</engineerTo>
<sourcePk>E27D3325-CA0D-1B41-1CEA-9116F20209E8</sourcePk>
<identifying>false</identifying>
<nameOnSource>Включает</nameOnSource>
<nameOnTarget>Входит в состав</nameOnTarget>
<optionalSource>false</optionalSource>
<optionalTarget>false</optionalTarget>
<sourceCardinality>*</sourceCardinality>
<sourceEntity>7B6E2269-40B6-91F3-368B-67DFC3C8A675</sourceEntity>
<targetCardinalityString>*</targetCardinalityString>
<targetEntity>0035612D-D59D-4028-F8FD-A1EC65903BE5</targetEntity>
<transferable>true</transferable>
<deleteRule>NO ACTION</deleteRule>
</Relation>