<?xml version = '1.0' encoding = 'UTF-8'?>
<Relation class="oracle.dbtools.crest.model.design.logical.Relation" name="Relation_4" directorySegmentName="seg_0" id="86441067-4B6F-0A1D-D139-20EF713407E9">
<createdBy>User</createdBy>
<createdTime>2022-03-01 15:04:30 UTC</createdTime>
<ownerDesignName>3.1_main</ownerDesignName>
<engineerTo>
<item key="17819AF2-4ABC-D76F-7A45-6D756C28AFBA" value="true"/>
</engineerTo>
<sourcePk>09134D45-8711-A4DC-9B6E-74279AE7C23A</sourcePk>
<identifying>true</identifying>
<nameOnSource>hold</nameOnSource>
<nameOnTarget>held for</nameOnTarget>
<optionalSource>true</optionalSource>
<optionalTarget>false</optionalTarget>
<sourceCardinality>1</sourceCardinality>
<sourceEntity>FF513AAB-B916-4F9A-D887-819D6CA27A8F</sourceEntity>
<targetCardinalityString>*</targetCardinalityString>
<targetEntity>42E076F7-A061-5B32-AFB0-FB2D6C764CA9</targetEntity>
<transferable>true</transferable>
<deleteRule>NO ACTION</deleteRule>
</Relation>