<?xml version = '1.0' encoding = 'UTF-8'?>
<Relation class="oracle.dbtools.crest.model.design.logical.Relation" name="Relation_10" directorySegmentName="seg_0" id="A4C9E27E-E46C-EF0A-6E75-BF3835B6AED1">
<createdBy>User</createdBy>
<createdTime>2022-03-08 19:20:49 UTC</createdTime>
<ownerDesignName>3.1_main</ownerDesignName>
<engineerTo>
<item key="17819AF2-4ABC-D76F-7A45-6D756C28AFBA" value="true"/>
</engineerTo>
<sourcePk>FF762EA8-4BEF-C218-979B-4A0838882352</sourcePk>
<identifying>false</identifying>
<nameOnSource>be for</nameOnSource>
<nameOnTarget>have</nameOnTarget>
<optionalSource>true</optionalSource>
<optionalTarget>false</optionalTarget>
<sourceCardinality>1</sourceCardinality>
<sourceEntity>B6B0907E-24E4-6863-AB88-770EAFF163E6</sourceEntity>
<targetCardinalityString>*</targetCardinalityString>
<targetEntity>B77BD7F8-476A-5F8B-B229-BBB3D6824232</targetEntity>
<transferable>true</transferable>
<deleteRule>NO ACTION</deleteRule>
</Relation>