<?xml version = '1.0' encoding = 'UTF-8'?>
<Entity class="oracle.dbtools.crest.model.design.logical.Entity" directorySegmentName="seg_0" id="1C5CA1C8-BBF7-AD4D-0202-65E0E2021C73" name="Faculty">
<createdBy>rusza</createdBy>
<createdTime>2022-03-07 21:34:16 UTC</createdTime>
<ownerDesignName>2_4</ownerDesignName>
<engineerTo>
<item key="FDA39E50-AAF3-FC03-407F-9F247BBD75C9" value="true"/>
</engineerTo>
<adequatelyNormalized>NO</adequatelyNormalized>
<expectedVolumes>0</expectedVolumes>
<fwdEngineeringStrategyName>Single Table</fwdEngineeringStrategyName>
<growthPercent>0</growthPercent>
<growthType>Year</growthType>
<maxVolumes>9999999</maxVolumes>
<minVolumes>0</minVolumes>
<normalForm>Third</normalForm>
<attributes itemClass="oracle.dbtools.crest.model.design.logical.Attribute">
<Attribute name="Faculty ID" id="FED7D91E-1F32-3A1E-B07F-9DC98C615CEB">
<createdBy>rusza</createdBy>
<createdTime>2022-03-07 21:34:32 UTC</createdTime>
<ownerDesignName>2_4</ownerDesignName>
<engineerTo>
<item key="FDA39E50-AAF3-FC03-407F-9F247BBD75C9" value="true"/>
</engineerTo>
<use>0</use>
<ownDataTypeParameters>,,</ownDataTypeParameters>
</Attribute>
<Attribute name="Student ID" id="3413AF13-B4EF-C64A-B203-C4C49E52C496">
<createdBy>rusza</createdBy>
<createdTime>2022-03-07 21:34:45 UTC</createdTime>
<ownerDesignName>2_4</ownerDesignName>
<engineerTo>
<item key="FDA39E50-AAF3-FC03-407F-9F247BBD75C9" value="true"/>
</engineerTo>
<use>0</use>
<ownDataTypeParameters>,,</ownDataTypeParameters>
</Attribute>
<Attribute name="Course ID" id="69FB0AAE-3B84-70F9-4184-3051D99DA9F9">
<createdBy>rusza</createdBy>
<createdTime>2022-03-07 21:35:01 UTC</createdTime>
<ownerDesignName>2_4</ownerDesignName>
<engineerTo>
<item key="FDA39E50-AAF3-FC03-407F-9F247BBD75C9" value="true"/>
</engineerTo>
<use>0</use>
<ownDataTypeParameters>,,</ownDataTypeParameters>
</Attribute>
</attributes>
<identifiers itemClass="oracle.dbtools.crest.model.design.logical.CandidateKey">
<identifier id="2B1153BE-8350-A714-56C0-50F616DF31B6" name="Faculty PK">
<createdBy>rusza</createdBy>
<createdTime>2022-03-07 21:34:42 UTC</createdTime>
<ownerDesignName>2_4</ownerDesignName>
<engineerTo>
<item key="FDA39E50-AAF3-FC03-407F-9F247BBD75C9" value="true"/>
</engineerTo>
<pk>true</pk>
<usedAttributes>
<attributeRef>FED7D91E-1F32-3A1E-B07F-9DC98C615CEB</attributeRef>
</usedAttributes>
</identifier>
</identifiers>
</Entity>