<?xml version = '1.0' encoding = 'UTF-8'?>
<Entity class="oracle.dbtools.crest.model.design.logical.Entity" directorySegmentName="seg_0" id="D2C91169-78DA-6ADC-3F0E-E6D5EAE676FF" name="Academic Session">
<createdBy>rusza</createdBy>
<createdTime>2022-03-07 21:36:27 UTC</createdTime>
<ownerDesignName>2_4</ownerDesignName>
<engineerTo>
<item key="FDA39E50-AAF3-FC03-407F-9F247BBD75C9" value="true"/>
</engineerTo>
<adequatelyNormalized>NO</adequatelyNormalized>
<expectedVolumes>0</expectedVolumes>
<fwdEngineeringStrategyName>Single Table</fwdEngineeringStrategyName>
<growthPercent>0</growthPercent>
<growthType>Year</growthType>
<maxVolumes>9999999</maxVolumes>
<minVolumes>0</minVolumes>
<normalForm>Third</normalForm>
<attributes itemClass="oracle.dbtools.crest.model.design.logical.Attribute">
<Attribute name="number" id="14712959-FBB0-BAC4-1DE6-A166BC42B67F">
<createdBy>rusza</createdBy>
<createdTime>2022-03-07 21:36:42 UTC</createdTime>
<ownerDesignName>2_4</ownerDesignName>
<engineerTo>
<item key="FDA39E50-AAF3-FC03-407F-9F247BBD75C9" value="true"/>
</engineerTo>
<use>0</use>
<ownDataTypeParameters>,,</ownDataTypeParameters>
</Attribute>
<Attribute name="Faculty ID" id="D226FC09-EEAE-5467-2043-65517FD09AB8">
<createdBy>rusza</createdBy>
<createdTime>2022-03-07 21:36:56 UTC</createdTime>
<ownerDesignName>2_4</ownerDesignName>
<engineerTo>
<item key="FDA39E50-AAF3-FC03-407F-9F247BBD75C9" value="true"/>
</engineerTo>
<use>0</use>
<ownDataTypeParameters>,,</ownDataTypeParameters>
</Attribute>
<Attribute name="Faculty NaME" id="FBDFE07D-5C1E-B801-11E9-81053D487650">
<createdBy>rusza</createdBy>
<createdTime>2022-03-07 21:37:08 UTC</createdTime>
<ownerDesignName>2_4</ownerDesignName>
<engineerTo>
<item key="FDA39E50-AAF3-FC03-407F-9F247BBD75C9" value="true"/>
</engineerTo>
<use>0</use>
<ownDataTypeParameters>,,</ownDataTypeParameters>
</Attribute>
</attributes>
<identifiers itemClass="oracle.dbtools.crest.model.design.logical.CandidateKey">
<identifier id="BA1909AE-B57E-9B1A-8619-C8F429ADB6BD" name="Academic Session PK">
<createdBy>rusza</createdBy>
<createdTime>2022-03-07 21:36:56 UTC</createdTime>
<ownerDesignName>2_4</ownerDesignName>
<engineerTo>
<item key="FDA39E50-AAF3-FC03-407F-9F247BBD75C9" value="true"/>
</engineerTo>
<pk>true</pk>
<usedAttributes>
<attributeRef>14712959-FBB0-BAC4-1DE6-A166BC42B67F</attributeRef>
</usedAttributes>
</identifier>
</identifiers>
</Entity>