<?xml version = '1.0' encoding = 'UTF-8'?>
<Diagram class="oracle.dbtools.crest.swingui.logical.DPVLogical" name="Logical" id="7CF6774A-E89E-6C57-66D6-54DD1D48AC72">
<createdBy>Василий</createdBy>
<modifiedBy>Василий</modifiedBy>
<createdTime>2023-02-20 00:33:53 UTC</createdTime>
<autoRoute>false</autoRoute>
<boxInbox>true</boxInbox>
<showLegend>false</showLegend>
<showLabels>true</showLabels>
<showRelAttributes>false</showRelAttributes>
<gridEnabled>false</gridEnabled>
<showGrid>false</showGrid>
<diagramColor>-1</diagramColor>
<display>false</display>
<notation>1</notation>
<objectViews>
<OView class="oracle.dbtools.crest.swingui.logical.TVEntity" oid="0D415FDE-8107-A5BB-341D-76807D9392CA" otype="Entity" vid="50616753-9074-7E01-23E6-482E0EEF26F4">
<hideElementsInCurrentOnly>false</hideElementsInCurrentOnly>
<bounds x="315" y="127" width="217" height="117"/>
</OView>
<OView class="oracle.dbtools.crest.swingui.logical.TVEntity" oid="5973EFEC-D350-5C2E-BE5C-E7D83A0C3230" otype="Entity" vid="5D960194-30AF-BB91-6A8B-B4A4EDF78366">
<hideElementsInCurrentOnly>false</hideElementsInCurrentOnly>
<bounds x="319" y="319" width="210" height="121"/>
</OView>
<OView class="oracle.dbtools.crest.swingui.logical.TVEntity" oid="69E50F81-45E6-3587-11AA-F60BB324482F" otype="Entity" vid="2F85CD11-A29F-3EDF-24D2-B5F6072DA7DF">
<hideElementsInCurrentOnly>false</hideElementsInCurrentOnly>
<bounds x="634" y="310" width="214" height="126"/>
</OView>
<OView class="oracle.dbtools.crest.swingui.logical.TVEntity" oid="B33C9A81-DC48-F7EE-D7FF-C89433885DE4" otype="Entity" vid="0943DA16-0CFE-A4B2-1955-E39C54804A49">
<hideElementsInCurrentOnly>false</hideElementsInCurrentOnly>
<bounds x="8" y="134" width="195" height="109"/>
</OView>
<OView class="oracle.dbtools.crest.swingui.logical.TVEntity" oid="C9FED852-6C29-939A-49B6-574E62AE7CE1" otype="Entity" vid="F65036C0-6C09-6559-7B60-A840F59256CB">
<hideElementsInCurrentOnly>false</hideElementsInCurrentOnly>
<bounds x="947" y="299" width="191" height="117"/>
</OView>
<OView class="oracle.dbtools.crest.swingui.logical.TVEntity" oid="CBA5C5F2-5DDF-5059-1A14-8873F3B25161" otype="Entity" vid="E1673E46-A1C7-B7E9-CA5D-C225E81FF2DA">
<hideElementsInCurrentOnly>false</hideElementsInCurrentOnly>
<bounds x="627" y="123" width="217" height="117"/>
</OView>
</objectViews>
<connectors>
<Connector class="oracle.dbtools.crest.swingui.logical.TVRelation" oid="17BC8297-9BB3-0CCE-4663-626162EC9495" otype="Relation" vid_source="5D960194-30AF-BB91-6A8B-B4A4EDF78366" vid_target="50616753-9074-7E01-23E6-482E0EEF26F4">
<hideElementsInCurrentOnly>false</hideElementsInCurrentOnly>
<backgroundColor>-16777216</backgroundColor>
<lineWidth>1</lineWidth>
<sourceLabel class="oracle.dbtools.crest.model.design.Label">
<site>0</site>
<labelBounds x="424" y="283" width="80" height="30"/>
<noBackgroundColor>true</noBackgroundColor>
<noForegroundColor>true</noForegroundColor>
</sourceLabel>
<targetLabel class="oracle.dbtools.crest.model.design.Label">
<site>2</site>
<labelBounds x="424" y="288" width="94" height="52"/>
<noBackgroundColor>true</noBackgroundColor>
<noForegroundColor>true</noForegroundColor>
</targetLabel>
<points>
<point x="424" y="319"/>
<point x="424" y="244"/>
</points>
</Connector>
<Connector class="oracle.dbtools.crest.swingui.logical.TVRelation" oid="6436E487-347C-91F2-DE1F-3AF80F0BA54B" otype="Relation" vid_source="F65036C0-6C09-6559-7B60-A840F59256CB" vid_target="2F85CD11-A29F-3EDF-24D2-B5F6072DA7DF">
<hideElementsInCurrentOnly>false</hideElementsInCurrentOnly>
<backgroundColor>-16777216</backgroundColor>
<lineWidth>1</lineWidth>
<sourceLabel class="oracle.dbtools.crest.model.design.Label">
<site>0</site>
<labelBounds x="878" y="333" width="63" height="30"/>
<noBackgroundColor>true</noBackgroundColor>
<noForegroundColor>true</noForegroundColor>
</sourceLabel>
<targetLabel class="oracle.dbtools.crest.model.design.Label">
<site>2</site>
<labelBounds x="858" y="366" width="93" height="30"/>
<noBackgroundColor>true</noBackgroundColor>
<noForegroundColor>true</noForegroundColor>
</targetLabel>
<points>
<point x="947" y="363"/>
<point x="848" y="363"/>
</points>
</Connector>
<Connector class="oracle.dbtools.crest.swingui.logical.TVRelation" oid="83A2ADE1-804D-5807-15FD-FBAA1C4471A6" otype="Relation" vid_source="E1673E46-A1C7-B7E9-CA5D-C225E81FF2DA" vid_target="2F85CD11-A29F-3EDF-24D2-B5F6072DA7DF">
<hideElementsInCurrentOnly>false</hideElementsInCurrentOnly>
<backgroundColor>-16777216</backgroundColor>
<lineWidth>1</lineWidth>
<sourceLabel class="oracle.dbtools.crest.model.design.Label">
<site>0</site>
<labelBounds x="739" y="284" width="61" height="30"/>
<noBackgroundColor>true</noBackgroundColor>
<noForegroundColor>true</noForegroundColor>
</sourceLabel>
<targetLabel class="oracle.dbtools.crest.model.design.Label">
<site>2</site>
<labelBounds x="739" y="274" width="93" height="30"/>
<noBackgroundColor>true</noBackgroundColor>
<noForegroundColor>true</noForegroundColor>
</targetLabel>
<points>
<point x="739" y="240"/>
<point x="739" y="310"/>
</points>
</Connector>
<Connector class="oracle.dbtools.crest.swingui.logical.TVRelation" oid="B0D3B5B0-FBB7-C778-7D1D-7FD27A381C8E" otype="Relation" vid_source="0943DA16-0CFE-A4B2-1955-E39C54804A49" vid_target="50616753-9074-7E01-23E6-482E0EEF26F4">
<hideElementsInCurrentOnly>false</hideElementsInCurrentOnly>
<backgroundColor>-16777216</backgroundColor>
<lineWidth>1</lineWidth>
<sourceLabel class="oracle.dbtools.crest.model.design.Label">
<site>0</site>
<labelBounds x="213" y="143" width="61" height="30"/>
<noBackgroundColor>true</noBackgroundColor>
<noForegroundColor>true</noForegroundColor>
</sourceLabel>
<targetLabel class="oracle.dbtools.crest.model.design.Label">
<site>2</site>
<labelBounds x="216" y="176" width="93" height="30"/>
<noBackgroundColor>true</noBackgroundColor>
<noForegroundColor>true</noForegroundColor>
</targetLabel>
<points>
<point x="203" y="173"/>
<point x="315" y="173"/>
</points>
</Connector>
<Connector class="oracle.dbtools.crest.swingui.logical.TVRelation" oid="FA099A05-7021-323E-88E8-96B384D3DD5B" otype="Relation" vid_source="50616753-9074-7E01-23E6-482E0EEF26F4" vid_target="E1673E46-A1C7-B7E9-CA5D-C225E81FF2DA">
<hideElementsInCurrentOnly>false</hideElementsInCurrentOnly>
<backgroundColor>-16777216</backgroundColor>
<lineWidth>1</lineWidth>
<sourceLabel class="oracle.dbtools.crest.model.design.Label">
<site>0</site>
<labelBounds x="542" y="153" width="79" height="30"/>
<noBackgroundColor>true</noBackgroundColor>
<noForegroundColor>true</noForegroundColor>
</sourceLabel>
<targetLabel class="oracle.dbtools.crest.model.design.Label">
<site>2</site>
<labelBounds x="561" y="186" width="60" height="30"/>
<noBackgroundColor>true</noBackgroundColor>
<noForegroundColor>true</noForegroundColor>
</targetLabel>
<points>
<point x="532" y="183"/>
<point x="627" y="183"/>
</points>
</Connector>
</connectors>
</Diagram>