<?xml version = '1.0' encoding = 'UTF-8'?>
<Relation class="oracle.dbtools.crest.model.design.logical.InheritanceRelation" name="Hierarchy_2" directorySegmentName="seg_0" id="1DB5C78C-B39C-A541-13CF-6F200E29969D">
<createdBy>User</createdBy>
<createdTime>2022-03-01 12:31:09 UTC</createdTime>
<ownerDesignName>3.1.4.1</ownerDesignName>
<engineerTo>
<item key="F0C4914D-0188-13B3-1192-6FA260E2C333" value="true"/>
</engineerTo>
<identifying>false</identifying>
<nameOnSource>Super Type</nameOnSource>
<nameOnTarget>Sub Type</nameOnTarget>
<optionalSource>true</optionalSource>
<optionalTarget>true</optionalTarget>
<sourceEntity>040BB331-C4AF-D463-B0A1-538ADDACF8E4</sourceEntity>
<targetEntity>E4940170-E1CE-BA4A-440C-B6425ADCFE1B</targetEntity>
<transferable>true</transferable>
<deleteRule>NO ACTION</deleteRule>
</Relation>