<?xml version = '1.0' encoding = 'UTF-8'?>
<Entity class="oracle.dbtools.crest.model.design.logical.Entity" directorySegmentName="seg_0" id="8D074DBD-29A1-9CAC-2634-E57785392B9C" name="INVENTORY LIST">
<createdBy>rusza</createdBy>
<createdTime>2022-03-02 21:12:24 UTC</createdTime>
<ownerDesignName>2_4_1</ownerDesignName>
<engineerTo>
<item key="20661B13-8D13-E73A-A8B0-4546AF51554D" value="true"/>
</engineerTo>
<adequatelyNormalized>NO</adequatelyNormalized>
<expectedVolumes>0</expectedVolumes>
<fwdEngineeringStrategyName>Single Table</fwdEngineeringStrategyName>
<growthPercent>0</growthPercent>
<growthType>Year</growthType>
<maxVolumes>9999999</maxVolumes>
<minVolumes>0</minVolumes>
<normalForm>Third</normalForm>
<attributes itemClass="oracle.dbtools.crest.model.design.logical.Attribute">
<Attribute name="Cost of the unit" id="CBE3676F-8479-EF96-E85D-0E120CA6200C">
<createdBy>rusza</createdBy>
<createdTime>2022-03-02 21:12:36 UTC</createdTime>
<ownerDesignName>2_4_1</ownerDesignName>
<engineerTo>
<item key="20661B13-8D13-E73A-A8B0-4546AF51554D" value="true"/>
</engineerTo>
<use>0</use>
<ownDataTypeParameters>,,</ownDataTypeParameters>
</Attribute>
<Attribute name="Units on hand" id="E32C2FE5-508A-BCDF-A866-09CAE540A137">
<createdBy>rusza</createdBy>
<createdTime>2022-03-02 21:12:50 UTC</createdTime>
<ownerDesignName>2_4_1</ownerDesignName>
<engineerTo>
<item key="20661B13-8D13-E73A-A8B0-4546AF51554D" value="true"/>
</engineerTo>
<use>0</use>
<ownDataTypeParameters>,,</ownDataTypeParameters>
</Attribute>
</attributes>
</Entity>