<?xml version = '1.0' encoding = 'UTF-8'?>
<Entity class="oracle.dbtools.crest.model.design.logical.Entity" directorySegmentName="seg_0" id="EFF9C1BD-1ED7-FAE0-7F88-1417B79D8C10" name="Customer">
<createdBy>rusza</createdBy>
<createdTime>2022-03-02 21:05:28 UTC</createdTime>
<ownerDesignName>2_4_1</ownerDesignName>
<engineerTo>
<item key="20661B13-8D13-E73A-A8B0-4546AF51554D" value="true"/>
</engineerTo>
<adequatelyNormalized>NO</adequatelyNormalized>
<expectedVolumes>0</expectedVolumes>
<fwdEngineeringStrategyName>Single Table</fwdEngineeringStrategyName>
<growthPercent>0</growthPercent>
<growthType>Year</growthType>
<maxVolumes>9999999</maxVolumes>
<minVolumes>0</minVolumes>
<normalForm>Third</normalForm>
<attributes itemClass="oracle.dbtools.crest.model.design.logical.Attribute">
<Attribute name="Email" id="A2E27DC6-8D21-16F2-65FE-D3F1E628E53F">
<createdBy>rusza</createdBy>
<createdTime>2022-03-02 21:07:21 UTC</createdTime>
<ownerDesignName>2_4_1</ownerDesignName>
<engineerTo>
<item key="20661B13-8D13-E73A-A8B0-4546AF51554D" value="true"/>
</engineerTo>
<use>0</use>
<ownDataTypeParameters>,,</ownDataTypeParameters>
</Attribute>
<Attribute name="Name" id="7523DDD4-AEB1-1E43-363D-D857DACC8C1C">
<createdBy>rusza</createdBy>
<createdTime>2022-03-02 21:06:39 UTC</createdTime>
<ownerDesignName>2_4_1</ownerDesignName>
<engineerTo>
<item key="20661B13-8D13-E73A-A8B0-4546AF51554D" value="true"/>
</engineerTo>
<use>0</use>
<ownDataTypeParameters>,,</ownDataTypeParameters>
</Attribute>
<Attribute name="Address" id="9AFB1F47-2D62-C2A3-D9FB-7C1B9D6418ED">
<createdBy>rusza</createdBy>
<createdTime>2022-03-02 21:06:54 UTC</createdTime>
<ownerDesignName>2_4_1</ownerDesignName>
<engineerTo>
<item key="20661B13-8D13-E73A-A8B0-4546AF51554D" value="true"/>
</engineerTo>
<use>0</use>
<ownDataTypeParameters>,,</ownDataTypeParameters>
</Attribute>
<Attribute name="Phone Number" id="63270382-BEB5-9BF4-226A-A92F44E79C93">
<createdBy>rusza</createdBy>
<createdTime>2022-03-02 21:07:13 UTC</createdTime>
<ownerDesignName>2_4_1</ownerDesignName>
<engineerTo>
<item key="20661B13-8D13-E73A-A8B0-4546AF51554D" value="true"/>
</engineerTo>
<use>0</use>
<ownDataTypeParameters>,,</ownDataTypeParameters>
</Attribute>
<Attribute name="Current Balance" id="620C2489-70FD-1108-3288-33597F6C1D8F">
<createdBy>rusza</createdBy>
<createdTime>2022-03-02 21:07:25 UTC</createdTime>
<ownerDesignName>2_4_1</ownerDesignName>
<engineerTo>
<item key="20661B13-8D13-E73A-A8B0-4546AF51554D" value="true"/>
</engineerTo>
<use>0</use>
<ownDataTypeParameters>,,</ownDataTypeParameters>
</Attribute>
<Attribute name="Team" id="0C87C789-7134-51AD-10B7-2FBAF74F5F9F">
<createdBy>rusza</createdBy>
<createdTime>2022-03-02 21:07:37 UTC</createdTime>
<ownerDesignName>2_4_1</ownerDesignName>
<engineerTo>
<item key="20661B13-8D13-E73A-A8B0-4546AF51554D" value="true"/>
</engineerTo>
<nullsAllowed>true</nullsAllowed>
<use>0</use>
<ownDataTypeParameters>,,</ownDataTypeParameters>
</Attribute>
</attributes>
<identifiers itemClass="oracle.dbtools.crest.model.design.logical.CandidateKey">
<identifier id="1840C97B-1455-F37C-AB71-9FFD5055CD80" name="Customer PK">
<createdBy>rusza</createdBy>
<createdTime>2022-03-02 21:08:07 UTC</createdTime>
<ownerDesignName>2_4_1</ownerDesignName>
<engineerTo>
<item key="20661B13-8D13-E73A-A8B0-4546AF51554D" value="true"/>
</engineerTo>
<pk>true</pk>
<usedAttributes>
<attributeRef>A2E27DC6-8D21-16F2-65FE-D3F1E628E53F</attributeRef>
</usedAttributes>
</identifier>
</identifiers>
</Entity>