<?xml version = '1.0' encoding = 'UTF-8'?>
<Entity class="oracle.dbtools.crest.model.design.logical.Entity" directorySegmentName="seg_0" id="5613330F-5406-824C-255D-57510F3C272F" name="Truck">
<createdBy>User</createdBy>
<createdTime>2022-03-08 21:13:32 UTC</createdTime>
<ownerDesignName>3_7_main</ownerDesignName>
<engineerTo>
<item key="6F4EDB9B-B71C-0C90-A44F-3A889096C956" value="true"/>
</engineerTo>
<adequatelyNormalized>NO</adequatelyNormalized>
<expectedVolumes>0</expectedVolumes>
<fwdEngineeringStrategyName>Single Table</fwdEngineeringStrategyName>
<growthPercent>0</growthPercent>
<growthType>Year</growthType>
<hierarchicalParent>18077E61-B88F-AA99-3A35-A485196D80F5</hierarchicalParent>
<maxVolumes>9999999</maxVolumes>
<minVolumes>0</minVolumes>
<normalForm>Third</normalForm>
<attributes itemClass="oracle.dbtools.crest.model.design.logical.Attribute">
<Attribute name="Expiration Date of Registration" id="8DCC3538-8E32-8256-F7A0-8D6D23A61A15">
<createdBy>User</createdBy>
<createdTime>2022-03-08 21:13:41 UTC</createdTime>
<ownerDesignName>3_7_main</ownerDesignName>
<engineerTo>
<item key="6F4EDB9B-B71C-0C90-A44F-3A889096C956" value="true"/>
</engineerTo>
<use>0</use>
<ownDataTypeParameters>,,</ownDataTypeParameters>
</Attribute>
<Attribute name="Gas Tank Capacity" id="923DC94B-6905-6216-B85E-40C14D26A22A">
<createdBy>User</createdBy>
<createdTime>2022-03-08 21:13:54 UTC</createdTime>
<ownerDesignName>3_7_main</ownerDesignName>
<engineerTo>
<item key="6F4EDB9B-B71C-0C90-A44F-3A889096C956" value="true"/>
</engineerTo>
<use>0</use>
<ownDataTypeParameters>,,</ownDataTypeParameters>
</Attribute>
<Attribute name="Working Radio" id="0D283D66-8D20-DAD9-D3AB-7609E8B3E08F">
<createdBy>User</createdBy>
<createdTime>2022-03-08 21:14:07 UTC</createdTime>
<ownerDesignName>3_7_main</ownerDesignName>
<engineerTo>
<item key="6F4EDB9B-B71C-0C90-A44F-3A889096C956" value="true"/>
</engineerTo>
<use>0</use>
<ownDataTypeParameters>,,</ownDataTypeParameters>
</Attribute>
<Attribute name="Mileage" id="D7909571-A291-B583-E35B-3B00414EF3C5">
<createdBy>User</createdBy>
<createdTime>2022-03-08 21:14:16 UTC</createdTime>
<ownerDesignName>3_7_main</ownerDesignName>
<engineerTo>
<item key="6F4EDB9B-B71C-0C90-A44F-3A889096C956" value="true"/>
</engineerTo>
<use>0</use>
<ownDataTypeParameters>,,</ownDataTypeParameters>
</Attribute>
</attributes>
</Entity>