<?xml version = '1.0' encoding = 'UTF-8'?>
<Entity class="oracle.dbtools.crest.model.design.logical.Entity" directorySegmentName="seg_0" id="8D906B3F-900E-752B-62F8-56225B9BBFF3" name="Individual">
<createdBy>User</createdBy>
<createdTime>2022-03-08 21:07:45 UTC</createdTime>
<ownerDesignName>3_7_main</ownerDesignName>
<engineerTo>
<item key="6F4EDB9B-B71C-0C90-A44F-3A889096C956" value="true"/>
</engineerTo>
<adequatelyNormalized>NO</adequatelyNormalized>
<expectedVolumes>0</expectedVolumes>
<fwdEngineeringStrategyName>Single Table</fwdEngineeringStrategyName>
<growthPercent>0</growthPercent>
<growthType>Year</growthType>
<maxVolumes>9999999</maxVolumes>
<minVolumes>0</minVolumes>
<normalForm>Third</normalForm>
<attributes itemClass="oracle.dbtools.crest.model.design.logical.Attribute">
<Attribute name="Home Phone" id="03F5FF09-7E6A-381C-5074-A4E53F2433E8">
<createdBy>User</createdBy>
<createdTime>2022-03-08 21:07:52 UTC</createdTime>
<ownerDesignName>3_7_main</ownerDesignName>
<engineerTo>
<item key="6F4EDB9B-B71C-0C90-A44F-3A889096C956" value="true"/>
</engineerTo>
<use>0</use>
<ownDataTypeParameters>,,</ownDataTypeParameters>
</Attribute>
<Attribute name="Name" id="0476B6D7-91A4-7861-212F-844ACB8B9484">
<createdBy>User</createdBy>
<createdTime>2022-03-08 21:08:04 UTC</createdTime>
<ownerDesignName>3_7_main</ownerDesignName>
<engineerTo>
<item key="6F4EDB9B-B71C-0C90-A44F-3A889096C956" value="true"/>
</engineerTo>
<use>0</use>
<ownDataTypeParameters>,,</ownDataTypeParameters>
</Attribute>
<Attribute name="Address" id="26FDB380-DBB7-ED64-BBA1-47EB26F52608">
<createdBy>User</createdBy>
<createdTime>2022-03-08 21:08:09 UTC</createdTime>
<ownerDesignName>3_7_main</ownerDesignName>
<engineerTo>
<item key="6F4EDB9B-B71C-0C90-A44F-3A889096C956" value="true"/>
</engineerTo>
<use>0</use>
<ownDataTypeParameters>,,</ownDataTypeParameters>
</Attribute>
<Attribute name="Driver&apos;s Licence Number" id="1903A7AF-F1F6-7FBA-2830-78B205853D6E">
<createdBy>User</createdBy>
<createdTime>2022-03-08 21:08:16 UTC</createdTime>
<ownerDesignName>3_7_main</ownerDesignName>
<engineerTo>
<item key="6F4EDB9B-B71C-0C90-A44F-3A889096C956" value="true"/>
</engineerTo>
<use>0</use>
<ownDataTypeParameters>,,</ownDataTypeParameters>
</Attribute>
<Attribute name="Driver&apos;s Licence Expiration Date" id="F7308313-1F37-B8CA-31FA-3D443694A31B">
<createdBy>User</createdBy>
<createdTime>2022-03-08 21:09:24 UTC</createdTime>
<ownerDesignName>3_7_main</ownerDesignName>
<engineerTo>
<item key="6F4EDB9B-B71C-0C90-A44F-3A889096C956" value="true"/>
</engineerTo>
<use>0</use>
<ownDataTypeParameters>,,</ownDataTypeParameters>
</Attribute>
</attributes>
<identifiers itemClass="oracle.dbtools.crest.model.design.logical.CandidateKey">
<identifier id="6EE12C3E-7C40-2EE0-C591-B13640687C06" name="Individual PK">
<createdBy>User</createdBy>
<createdTime>2022-03-08 21:08:03 UTC</createdTime>
<ownerDesignName>3_7_main</ownerDesignName>
<engineerTo>
<item key="6F4EDB9B-B71C-0C90-A44F-3A889096C956" value="true"/>
</engineerTo>
<pk>true</pk>
<usedAttributes>
<attributeRef>03F5FF09-7E6A-381C-5074-A4E53F2433E8</attributeRef>
</usedAttributes>
</identifier>
</identifiers>
</Entity>