<?xml version = '1.0' encoding = 'UTF-8'?>
<Relation class="oracle.dbtools.crest.model.design.logical.Relation" name="Relation_4" directorySegmentName="seg_0" id="4DE472B4-E565-FDB7-ABCE-B129FACE9D9C">
<createdBy>User</createdBy>
<createdTime>2022-03-01 09:06:40 UTC</createdTime>
<ownerDesignName>3.1.1</ownerDesignName>
<engineerTo>
<item key="F0C4914D-0188-13B3-1192-6FA260E2C333" value="true"/>
</engineerTo>
<sourcePk>65EFA817-9D06-C43A-DCA2-DDB5368703B5</sourcePk>
<identifying>false</identifying>
<nameOnSource>place</nameOnSource>
<nameOnTarget>placed by</nameOnTarget>
<optionalSource>true</optionalSource>
<optionalTarget>false</optionalTarget>
<sourceCardinality>1</sourceCardinality>
<sourceEntity>040BB331-C4AF-D463-B0A1-538ADDACF8E4</sourceEntity>
<targetCardinalityString>*</targetCardinalityString>
<targetEntity>18B435C0-1F74-641A-389E-C3A3A982599B</targetEntity>
<transferable>true</transferable>
<deleteRule>NO ACTION</deleteRule>
</Relation>