<?xml version = '1.0' encoding = 'UTF-8'?>
<Diagram class="oracle.dbtools.crest.swingui.logical.DPVLogical" name="Logical" id="3C9BDEDB-3CFC-9E3F-F997-457AFD39E947">
<createdBy>User</createdBy>
<modifiedBy>User</modifiedBy>
<createdTime>2022-03-08 19:55:02 UTC</createdTime>
<autoRoute>false</autoRoute>
<boxInbox>true</boxInbox>
<showLegend>false</showLegend>
<showLabels>true</showLabels>
<showRelAttributes>false</showRelAttributes>
<gridEnabled>false</gridEnabled>
<showGrid>false</showGrid>
<diagramColor>-1</diagramColor>
<display>false</display>
<notation>1</notation>
<objectViews>
<OView class="oracle.dbtools.crest.swingui.logical.TVEntity" oid="0F322691-9EB7-F657-4D94-001CF7BA0586" otype="Entity" vid="7B74C8B0-AAF9-53E6-C4B2-B6D5BDD60B73">
<hideElementsInCurrentOnly>false</hideElementsInCurrentOnly>
<bounds x="516" y="351" width="170" height="110"/>
</OView>
<OView class="oracle.dbtools.crest.swingui.logical.TVEntity" oid="2948BEF6-D14D-DDCA-10BF-DCECD455F634" otype="Entity" vid="CCFE3C35-A8E6-F353-8E73-398CA7DAD7CC">
<hideElementsInCurrentOnly>false</hideElementsInCurrentOnly>
<bounds x="177" y="256" width="170" height="110"/>
</OView>
<OView class="oracle.dbtools.crest.swingui.logical.TVEntity" oid="645111DC-51D5-D984-A616-ACD165E16776" otype="Entity" vid="DDE66412-EC65-0FB9-6AE9-D32EEBF0C0CC">
<hideElementsInCurrentOnly>false</hideElementsInCurrentOnly>
<bounds x="516" y="186" width="170" height="110"/>
</OView>
</objectViews>
<connectors>
<Connector class="oracle.dbtools.crest.swingui.logical.TVRelation" oid="53BD0CE1-F204-D8B1-5FFC-14F6F578D152" otype="Relation" vid_source="DDE66412-EC65-0FB9-6AE9-D32EEBF0C0CC" vid_target="CCFE3C35-A8E6-F353-8E73-398CA7DAD7CC">
<hideElementsInCurrentOnly>false</hideElementsInCurrentOnly>
<backgroundColor>-16777216</backgroundColor>
<lineWidth>1</lineWidth>
<sourceLabel class="oracle.dbtools.crest.model.design.Label">
<site>0</site>
<labelBounds x="483" y="276" width="27" height="30"/>
<noBackgroundColor>true</noBackgroundColor>
<noForegroundColor>true</noForegroundColor>
</sourceLabel>
<targetLabel class="oracle.dbtools.crest.model.design.Label">
<site>2</site>
<labelBounds x="364" y="273" width="62" height="30"/>
<noBackgroundColor>true</noBackgroundColor>
<noForegroundColor>true</noForegroundColor>
</targetLabel>
<points>
<point x="516" y="276"/>
<point x="354" y="273"/>
</points>
</Connector>
<Connector class="oracle.dbtools.crest.swingui.logical.TVRelation" oid="BF5066B1-AD11-6A19-30B8-08594841F0EC" otype="Relation" vid_source="7B74C8B0-AAF9-53E6-C4B2-B6D5BDD60B73" vid_target="CCFE3C35-A8E6-F353-8E73-398CA7DAD7CC">
<hideElementsInCurrentOnly>false</hideElementsInCurrentOnly>
<backgroundColor>-16777216</backgroundColor>
<lineWidth>1</lineWidth>
<sourceLabel class="oracle.dbtools.crest.model.design.Label">
<site>0</site>
<labelBounds x="483" y="358" width="27" height="30"/>
<noBackgroundColor>true</noBackgroundColor>
<noForegroundColor>true</noForegroundColor>
</sourceLabel>
<targetLabel class="oracle.dbtools.crest.model.design.Label">
<site>2</site>
<labelBounds x="364" y="356" width="95" height="30"/>
<noBackgroundColor>true</noBackgroundColor>
<noForegroundColor>true</noForegroundColor>
</targetLabel>
<points>
<point x="516" y="358"/>
<point x="354" y="356"/>
</points>
</Connector>
</connectors>
<arcs>
<Arc class="oracle.dbtools.crest.swingui.logical.TVArc" oid="A4C0E687-A722-78E0-2791-04EFE27ED4A5" otype="Arc" vid="89696457-CFAF-774F-0E20-578F3208C1ED">
<hideElementsInCurrentOnly>false</hideElementsInCurrentOnly>
<bounds x="157" y="236" width="210" height="150"/>
</Arc>
</arcs>
</Diagram>