<?xml version = '1.0' encoding = 'UTF-8'?>
<Relation class="oracle.dbtools.crest.model.design.logical.InheritanceRelation" name="Hierarchy_1" directorySegmentName="seg_0" id="A9111A91-50D1-AC1A-852D-3D043113BBB0">
<createdBy>User</createdBy>
<createdTime>2022-03-14 15:00:41 UTC</createdTime>
<ownerDesignName>3.3.1 Project start</ownerDesignName>
<engineerTo>
<item key="1BDABE97-5459-1B0C-05AD-9550BB864CCB" value="true"/>
</engineerTo>
<identifying>false</identifying>
<nameOnSource>Super Type</nameOnSource>
<nameOnTarget>Sub Type</nameOnTarget>
<optionalSource>true</optionalSource>
<optionalTarget>true</optionalTarget>
<sourceEntity>B67D430D-4442-74FB-0F04-64CCDBBF7640</sourceEntity>
<targetEntity>7B65A93E-0462-57E9-B565-0B70CCE58FA2</targetEntity>
<transferable>true</transferable>
<deleteRule>NO ACTION</deleteRule>
</Relation>