<?xml version = '1.0' encoding = 'UTF-8'?>
<relationalModel class="oracle.dbtools.crest.model.design.relational.RelationalDesign" name="Relational_1" id="6F4EDB9B-B71C-0C90-A44F-3A889096C956" mainViewID="BEE88CC1-BF2A-AA0D-5463-23E9F2E0DA30">
<createdBy>User</createdBy>
<createdTime>2022-03-08 21:01:39 UTC</createdTime>
<ownerDesignName>3.1.7 Practice</ownerDesignName>
<shouldBeOpen>true</shouldBeOpen>
<selectedRDBMSSite>32076570-2523-435C-2E92-BF29817DFF70</selectedRDBMSSite>
</relationalModel>