<?xml version = '1.0' encoding = 'UTF-8'?>
<Diagram class="oracle.dbtools.crest.swingui.logical.DPVLogical" name="Logical" id="964671F3-EC33-CBD7-C12A-260BF27B0FFF">
<createdBy>User</createdBy>
<modifiedBy>User</modifiedBy>
<createdTime>2022-03-01 08:47:55 UTC</createdTime>
<autoRoute>false</autoRoute>
<boxInbox>true</boxInbox>
<showLegend>false</showLegend>
<showLabels>true</showLabels>
<showRelAttributes>false</showRelAttributes>
<gridEnabled>false</gridEnabled>
<showGrid>false</showGrid>
<diagramColor>-1</diagramColor>
<display>false</display>
<notation>1</notation>
<objectViews>
<OView class="oracle.dbtools.crest.swingui.logical.TVEntity" oid="040BB331-C4AF-D463-B0A1-538ADDACF8E4" otype="Entity" vid="41BB1F38-31E8-1923-D194-A8D229E8C371">
<hideElementsInCurrentOnly>false</hideElementsInCurrentOnly>
<bounds x="101" y="291" width="254" height="204"/>
</OView>
<OView class="oracle.dbtools.crest.swingui.logical.TVEntity" oid="18B435C0-1F74-641A-389E-C3A3A982599B" otype="Entity" vid="0E84A973-D02E-6865-2CBC-E1DEC07880C5">
<hideElementsInCurrentOnly>false</hideElementsInCurrentOnly>
<bounds x="161" y="660" width="188" height="153"/>
</OView>
<OView class="oracle.dbtools.crest.swingui.logical.TVEntity" oid="24F3C534-1B76-341F-E04D-B1DA82DE0555" otype="Entity" vid="208B7AD9-BCB9-3365-3246-9DC7B33581B3">
<hideElementsInCurrentOnly>false</hideElementsInCurrentOnly>
<bounds x="478" y="341" width="170" height="112"/>
</OView>
<OView class="oracle.dbtools.crest.swingui.logical.TVEntity" oid="797A5D81-DB99-F698-DC9B-A6CEDF2BDFB9" otype="Entity" vid="00D80345-1730-0FE1-FD23-4FF56200B272">
<hideElementsInCurrentOnly>false</hideElementsInCurrentOnly>
<bounds x="459" y="666" width="170" height="112"/>
</OView>
<OView class="oracle.dbtools.crest.swingui.logical.TVEntity" oid="A3A37B6F-3A3B-D47C-5848-FCD8DD5873C4" otype="Entity" vid="6B6D27C3-4C28-B1AD-0416-33A57B81DF07">
<hideElementsInCurrentOnly>false</hideElementsInCurrentOnly>
<bounds x="723" y="204" width="170" height="110"/>
</OView>
<OView class="oracle.dbtools.crest.swingui.logical.TVEntity" oid="BE9EC6D9-701D-D7D1-1567-5752D2C4C191" otype="Entity" vid="21D460E0-D026-0428-E03B-2D7896C62357">
<hideElementsInCurrentOnly>false</hideElementsInCurrentOnly>
<bounds x="730" y="655" width="178" height="142"/>
</OView>
<OView class="oracle.dbtools.crest.swingui.logical.TVEntity" oid="D1EF0DB9-7EA2-0881-D5A7-C8390C9813F5" otype="Entity" vid="9D4EE356-D7D6-96F5-7965-537FFE5A0CD6">
<hideElementsInCurrentOnly>false</hideElementsInCurrentOnly>
<bounds x="489" y="563" width="114" height="69"/>
</OView>
<OView class="oracle.dbtools.crest.swingui.logical.TVEntity" oid="D8BB8822-8B16-BA1E-D468-97BE16B04171" otype="Entity" vid="EC8C00B4-6ECF-2A06-CC27-09AAF94255DA">
<hideElementsInCurrentOnly>false</hideElementsInCurrentOnly>
<bounds x="758" y="446" width="170" height="113"/>
</OView>
<OView class="oracle.dbtools.crest.swingui.logical.TVEntity" oid="E4940170-E1CE-BA4A-440C-B6425ADCFE1B" otype="Entity" vid="345E26F1-2060-624D-AB9B-8FEC7B8D2F4A">
<hideElementsInCurrentOnly>false</hideElementsInCurrentOnly>
<bounds x="525" y="202" width="111" height="72"/>
</OView>
</objectViews>
<connectors>
<Connector class="oracle.dbtools.crest.swingui.logical.TVRelation" oid="04E224C3-D16D-F546-2EEA-8E36E79B158C" otype="Relation" vid_source="21D460E0-D026-0428-E03B-2D7896C62357" vid_target="00D80345-1730-0FE1-FD23-4FF56200B272">
<hideElementsInCurrentOnly>false</hideElementsInCurrentOnly>
<backgroundColor>-16777216</backgroundColor>
<lineWidth>1</lineWidth>
<sourceLabel class="oracle.dbtools.crest.model.design.Label">
<site>0</site>
<labelBounds x="640" y="692" width="84" height="30"/>
<noBackgroundColor>true</noBackgroundColor>
<noForegroundColor>true</noForegroundColor>
</sourceLabel>
<targetLabel class="oracle.dbtools.crest.model.design.Label">
<site>2</site>
<labelBounds x="639" y="725" width="58" height="30"/>
<noBackgroundColor>true</noBackgroundColor>
<noForegroundColor>true</noForegroundColor>
</targetLabel>
<points>
<point x="730" y="722"/>
<point x="629" y="722"/>
</points>
</Connector>
<Connector class="oracle.dbtools.crest.swingui.logical.TVRelation" oid="23569971-1A7A-44EA-391B-CBC90310262B" otype="Relation" vid_source="345E26F1-2060-624D-AB9B-8FEC7B8D2F4A" vid_target="41BB1F38-31E8-1923-D194-A8D229E8C371">
<hideElementsInCurrentOnly>false</hideElementsInCurrentOnly>
<backgroundColor>-16777216</backgroundColor>
<lineWidth>1</lineWidth>
<sourceLabel class="oracle.dbtools.crest.model.design.Label">
<site>0</site>
<labelBounds x="492" y="262" width="27" height="30"/>
<noBackgroundColor>true</noBackgroundColor>
<noForegroundColor>true</noForegroundColor>
</sourceLabel>
<targetLabel class="oracle.dbtools.crest.model.design.Label">
<site>2</site>
<labelBounds x="365" y="337" width="27" height="30"/>
<noBackgroundColor>true</noBackgroundColor>
<noForegroundColor>true</noForegroundColor>
</targetLabel>
<points>
<point x="525" y="262"/>
<point x="355" y="337"/>
</points>
</Connector>
<Connector class="oracle.dbtools.crest.swingui.logical.TVRelation" oid="27EBF97E-E18F-627D-57DB-98CCFFFCA55C" otype="Relation" vid_source="9D4EE356-D7D6-96F5-7965-537FFE5A0CD6" vid_target="41BB1F38-31E8-1923-D194-A8D229E8C371">
<hideElementsInCurrentOnly>false</hideElementsInCurrentOnly>
<backgroundColor>-16777216</backgroundColor>
<lineWidth>1</lineWidth>
<sourceLabel class="oracle.dbtools.crest.model.design.Label">
<site>0</site>
<labelBounds x="492" y="527" width="27" height="30"/>
<noBackgroundColor>true</noBackgroundColor>
<noForegroundColor>true</noForegroundColor>
</sourceLabel>
<targetLabel class="oracle.dbtools.crest.model.design.Label">
<site>2</site>
<labelBounds x="365" y="474" width="27" height="30"/>
<noBackgroundColor>true</noBackgroundColor>
<noForegroundColor>true</noForegroundColor>
</targetLabel>
<points>
<point x="492" y="563"/>
<point x="355" y="474"/>
</points>
</Connector>
<Connector class="oracle.dbtools.crest.swingui.logical.TVRelation" oid="2CCA85A7-91AE-9666-D18F-47165575057A" otype="Relation" vid_source="208B7AD9-BCB9-3365-3246-9DC7B33581B3" vid_target="345E26F1-2060-624D-AB9B-8FEC7B8D2F4A">
<hideElementsInCurrentOnly>false</hideElementsInCurrentOnly>
<backgroundColor>-16777216</backgroundColor>
<lineWidth>1</lineWidth>
<sourceLabel class="oracle.dbtools.crest.model.design.Label">
<site>0</site>
<labelBounds x="580" y="305" width="56" height="30"/>
<noBackgroundColor>true</noBackgroundColor>
<noForegroundColor>true</noForegroundColor>
</sourceLabel>
<targetLabel class="oracle.dbtools.crest.model.design.Label">
<site>2</site>
<labelBounds x="580" y="318" width="56" height="30"/>
<noBackgroundColor>true</noBackgroundColor>
<noForegroundColor>true</noForegroundColor>
</targetLabel>
<points>
<point x="580" y="341"/>
<point x="580" y="274"/>
</points>
</Connector>
<Connector class="oracle.dbtools.crest.swingui.logical.TVRelation" oid="381152C1-FEA9-A9F5-347E-E98014B33FDC" otype="Relation" vid_source="0E84A973-D02E-6865-2CBC-E1DEC07880C5" vid_target="00D80345-1730-0FE1-FD23-4FF56200B272">
<hideElementsInCurrentOnly>false</hideElementsInCurrentOnly>
<backgroundColor>-16777216</backgroundColor>
<lineWidth>1</lineWidth>
<sourceLabel class="oracle.dbtools.crest.model.design.Label">
<site>0</site>
<labelBounds x="359" y="692" width="51" height="30"/>
<noBackgroundColor>true</noBackgroundColor>
<noForegroundColor>true</noForegroundColor>
</sourceLabel>
<targetLabel class="oracle.dbtools.crest.model.design.Label">
<site>2</site>
<labelBounds x="408" y="725" width="45" height="30"/>
<noBackgroundColor>true</noBackgroundColor>
<noForegroundColor>true</noForegroundColor>
</targetLabel>
<points>
<point x="349" y="722"/>
<point x="459" y="722"/>
</points>
</Connector>
<Connector class="oracle.dbtools.crest.swingui.logical.TVRelation" oid="4DE472B4-E565-FDB7-ABCE-B129FACE9D9C" otype="Relation" vid_source="41BB1F38-31E8-1923-D194-A8D229E8C371" vid_target="0E84A973-D02E-6865-2CBC-E1DEC07880C5">
<hideElementsInCurrentOnly>false</hideElementsInCurrentOnly>
<backgroundColor>-16777216</backgroundColor>
<lineWidth>1</lineWidth>
<sourceLabel class="oracle.dbtools.crest.model.design.Label">
<site>0</site>
<labelBounds x="255" y="547" width="42" height="30"/>
<noBackgroundColor>true</noBackgroundColor>
<noForegroundColor>true</noForegroundColor>
</sourceLabel>
<targetLabel class="oracle.dbtools.crest.model.design.Label">
<site>2</site>
<labelBounds x="255" y="616" width="62" height="30"/>
<noBackgroundColor>true</noBackgroundColor>
<noForegroundColor>true</noForegroundColor>
</targetLabel>
<points>
<point x="255" y="495"/>
<point x="255" y="660"/>
</points>
</Connector>
<Connector class="oracle.dbtools.crest.swingui.logical.TVRelation" oid="704BF6E4-548A-70B5-E4A9-3612E3E47FDA" otype="Relation" vid_source="EC8C00B4-6ECF-2A06-CC27-09AAF94255DA" vid_target="21D460E0-D026-0428-E03B-2D7896C62357">
<hideElementsInCurrentOnly>false</hideElementsInCurrentOnly>
<backgroundColor>-16777216</backgroundColor>
<lineWidth>1</lineWidth>
<sourceLabel class="oracle.dbtools.crest.model.design.Label">
<site>0</site>
<labelBounds x="833" y="595" width="51" height="30"/>
<noBackgroundColor>true</noBackgroundColor>
<noForegroundColor>true</noForegroundColor>
</sourceLabel>
<targetLabel class="oracle.dbtools.crest.model.design.Label">
<site>2</site>
<labelBounds x="833" y="611" width="27" height="30"/>
<noBackgroundColor>true</noBackgroundColor>
<noForegroundColor>true</noForegroundColor>
</targetLabel>
<points>
<point x="833" y="559"/>
<point x="833" y="655"/>
</points>
</Connector>
<Connector class="oracle.dbtools.crest.swingui.logical.TVRelation" oid="8047C3B8-269E-DA53-71C7-513C0E805AF0" otype="Relation" vid_source="208B7AD9-BCB9-3365-3246-9DC7B33581B3" vid_target="9D4EE356-D7D6-96F5-7965-537FFE5A0CD6">
<hideElementsInCurrentOnly>false</hideElementsInCurrentOnly>
<backgroundColor>-16777216</backgroundColor>
<lineWidth>1</lineWidth>
<sourceLabel class="oracle.dbtools.crest.model.design.Label">
<site>0</site>
<labelBounds x="546" y="497" width="56" height="30"/>
<noBackgroundColor>true</noBackgroundColor>
<noForegroundColor>true</noForegroundColor>
</sourceLabel>
<targetLabel class="oracle.dbtools.crest.model.design.Label">
<site>2</site>
<labelBounds x="546" y="519" width="56" height="30"/>
<noBackgroundColor>true</noBackgroundColor>
<noForegroundColor>true</noForegroundColor>
</targetLabel>
<points>
<point x="546" y="453"/>
<point x="546" y="563"/>
</points>
</Connector>
<Connector class="oracle.dbtools.crest.swingui.logical.TVRelation" oid="83A84A0C-9259-9302-38A8-4BAC27AD24E6" otype="Relation" vid_source="208B7AD9-BCB9-3365-3246-9DC7B33581B3" vid_target="208B7AD9-BCB9-3365-3246-9DC7B33581B3">
<hideElementsInCurrentOnly>false</hideElementsInCurrentOnly>
<backgroundColor>-16777216</backgroundColor>
<lineWidth>1</lineWidth>
<sourceLabel class="oracle.dbtools.crest.model.design.Label">
<site>0</site>
<labelBounds x="673" y="391" width="62" height="30"/>
<noBackgroundColor>true</noBackgroundColor>
<noForegroundColor>true</noForegroundColor>
</sourceLabel>
<targetLabel class="oracle.dbtools.crest.model.design.Label">
<site>2</site>
<labelBounds x="578" y="465" width="78" height="30"/>
<noBackgroundColor>true</noBackgroundColor>
<noForegroundColor>true</noForegroundColor>
</targetLabel>
<points>
<point x="648" y="406"/>
<point x="673" y="406"/>
<point x="673" y="478"/>
<point x="578" y="478"/>
<point x="578" y="453"/>
</points>
</Connector>
<Connector class="oracle.dbtools.crest.swingui.logical.TVRelation" oid="9A948E22-E969-224A-6104-F68E230C0366" otype="Relation" vid_source="345E26F1-2060-624D-AB9B-8FEC7B8D2F4A" vid_target="6B6D27C3-4C28-B1AD-0416-33A57B81DF07">
<hideElementsInCurrentOnly>false</hideElementsInCurrentOnly>
<backgroundColor>-16777216</backgroundColor>
<lineWidth>1</lineWidth>
<sourceLabel class="oracle.dbtools.crest.model.design.Label">
<site>0</site>
<labelBounds x="646" y="209" width="58" height="30"/>
<noBackgroundColor>true</noBackgroundColor>
<noForegroundColor>true</noForegroundColor>
</sourceLabel>
<targetLabel class="oracle.dbtools.crest.model.design.Label">
<site>2</site>
<labelBounds x="633" y="242" width="84" height="30"/>
<noBackgroundColor>true</noBackgroundColor>
<noForegroundColor>true</noForegroundColor>
</targetLabel>
<points>
<point x="636" y="239"/>
<point x="723" y="239"/>
</points>
</Connector>
</connectors>
<arcs>
<Arc class="oracle.dbtools.crest.swingui.logical.TVArc" oid="7B487DF8-C94A-C9ED-4335-AA0AF44ACC42" otype="Arc" vid="17C0FC07-CCE5-3B25-B13A-447A37498073">
<hideElementsInCurrentOnly>false</hideElementsInCurrentOnly>
<bounds x="81" y="271" width="294" height="244"/>
</Arc>
</arcs>
</Diagram>