<?xml version = '1.0' encoding = 'UTF-8'?>
<Entity class="oracle.dbtools.crest.model.design.logical.Entity" directorySegmentName="seg_0" id="42E076F7-A061-5B32-AFB0-FB2D6C764CA9" name="Information_1">
<createdBy>User</createdBy>
<createdTime>2022-03-01 15:02:52 UTC</createdTime>
<ownerDesignName>3.1_main</ownerDesignName>
<engineerTo>
<item key="17819AF2-4ABC-D76F-7A45-6D756C28AFBA" value="true"/>
</engineerTo>
<adequatelyNormalized>NO</adequatelyNormalized>
<expectedVolumes>0</expectedVolumes>
<fwdEngineeringStrategyName>Single Table</fwdEngineeringStrategyName>
<growthPercent>0</growthPercent>
<growthType>Year</growthType>
<maxVolumes>9999999</maxVolumes>
<minVolumes>0</minVolumes>
<normalForm>Third</normalForm>
<attributes itemClass="oracle.dbtools.crest.model.design.logical.Attribute">
<Attribute name="Occupation" id="B27C24DE-B56B-CFE1-B9D4-97BB4EC5ED1B">
<createdBy>User</createdBy>
<createdTime>2022-03-01 15:03:12 UTC</createdTime>
<ownerDesignName>3.1_main</ownerDesignName>
<engineerTo>
<item key="17819AF2-4ABC-D76F-7A45-6D756C28AFBA" value="true"/>
</engineerTo>
<use>0</use>
<ownDataTypeParameters>,,</ownDataTypeParameters>
</Attribute>
<Attribute name="ID" id="75D4C5BA-8E79-E5DC-F955-693B5E1B2DDE">
<createdBy>User</createdBy>
<createdTime>2022-03-01 15:04:10 UTC</createdTime>
<generatorID>1E258295-749B-78A3-8176-C91C8B4C9404</generatorID>
<ownerDesignName>3.1_main</ownerDesignName>
<engineerTo>
<item key="17819AF2-4ABC-D76F-7A45-6D756C28AFBA" value="true"/>
</engineerTo>
<referedAttribute>93C7A69B-329A-899C-6692-58AFC10CAFED</referedAttribute>
<use>0</use>
<ownDataTypeParameters>,,</ownDataTypeParameters>
</Attribute>
<Attribute name="ID1" id="D3BEDE19-2219-EC6B-FDDB-5EF075E67920">
<createdBy>User</createdBy>
<createdTime>2022-03-01 15:04:30 UTC</createdTime>
<generatorID>86441067-4B6F-0A1D-D139-20EF713407E9</generatorID>
<ownerDesignName>3.1_main</ownerDesignName>
<engineerTo>
<item key="17819AF2-4ABC-D76F-7A45-6D756C28AFBA" value="true"/>
</engineerTo>
<referedAttribute>F094FC99-543B-6789-52C3-A35CD80714FA</referedAttribute>
<use>0</use>
<ownDataTypeParameters>,,</ownDataTypeParameters>
</Attribute>
</attributes>
<identifiers itemClass="oracle.dbtools.crest.model.design.logical.CandidateKey">
<identifier id="3C7A697F-9247-8549-E807-0B32B7B8977B" name="Info PK">
<createdBy>User</createdBy>
<createdTime>2022-03-01 15:04:10 UTC</createdTime>
<ownerDesignName>3.1_main</ownerDesignName>
<engineerTo>
<item key="17819AF2-4ABC-D76F-7A45-6D756C28AFBA" value="true"/>
</engineerTo>
<pk>true</pk>
<usedAttributes>
<attributeRef>75D4C5BA-8E79-E5DC-F955-693B5E1B2DDE</attributeRef>
<attributeRef>D3BEDE19-2219-EC6B-FDDB-5EF075E67920</attributeRef>
</usedAttributes>
</identifier>
</identifiers>
</Entity>