<?xml version = '1.0' encoding = 'UTF-8'?>
<Entity class="oracle.dbtools.crest.model.design.logical.Entity" directorySegmentName="seg_0" id="88AC68CE-41E5-8378-4B61-1A3EC952CA43" name="Student">
<createdBy>Василий</createdBy>
<createdTime>2023-02-26 18:15:04 UTC</createdTime>
<ownerDesignName>3_2_1</ownerDesignName>
<engineerTo>
<item key="3517DC7F-4452-1067-23D5-B2C1D159C3BC" value="true"/>
</engineerTo>
<adequatelyNormalized>NO</adequatelyNormalized>
<expectedVolumes>0</expectedVolumes>
<fwdEngineeringStrategyName>Single Table</fwdEngineeringStrategyName>
<growthPercent>0</growthPercent>
<growthType>Year</growthType>
<maxVolumes>9999999</maxVolumes>
<minVolumes>0</minVolumes>
<normalForm>Third</normalForm>
<attributes itemClass="oracle.dbtools.crest.model.design.logical.Attribute">
<Attribute name="ID" id="CC0C1C2D-A048-AD8C-675C-16793751204A">
<createdBy>Василий</createdBy>
<createdTime>2023-02-26 18:18:24 UTC</createdTime>
<ownerDesignName>3_2_1</ownerDesignName>
<engineerTo>
<item key="3517DC7F-4452-1067-23D5-B2C1D159C3BC" value="true"/>
</engineerTo>
<use>0</use>
<ownDataTypeParameters>,,</ownDataTypeParameters>
</Attribute>
<Attribute name="Name" id="36A210DA-058D-1E98-70DE-F3312FFDD688">
<createdBy>Василий</createdBy>
<createdTime>2023-02-26 18:18:31 UTC</createdTime>
<ownerDesignName>3_2_1</ownerDesignName>
<engineerTo>
<item key="3517DC7F-4452-1067-23D5-B2C1D159C3BC" value="true"/>
</engineerTo>
<use>0</use>
<ownDataTypeParameters>,,</ownDataTypeParameters>
</Attribute>
<Attribute name="Email" id="175069CA-BDA6-31BD-98F9-DBCD8F433482">
<createdBy>Василий</createdBy>
<createdTime>2023-02-26 18:18:36 UTC</createdTime>
<ownerDesignName>3_2_1</ownerDesignName>
<engineerTo>
<item key="3517DC7F-4452-1067-23D5-B2C1D159C3BC" value="true"/>
</engineerTo>
<use>0</use>
<ownDataTypeParameters>,,</ownDataTypeParameters>
</Attribute>
<Attribute name="Work Days" id="7DAEE7B6-41F7-7B68-7EE1-6A7473866155">
<createdBy>Василий</createdBy>
<createdTime>2023-02-26 18:18:41 UTC</createdTime>
<ownerDesignName>3_2_1</ownerDesignName>
<engineerTo>
<item key="3517DC7F-4452-1067-23D5-B2C1D159C3BC" value="true"/>
</engineerTo>
<use>0</use>
<ownDataTypeParameters>,,</ownDataTypeParameters>
</Attribute>
<Attribute name="Days Off" id="D041FE35-24C0-5C8C-9810-FD6C5E2C28C9">
<createdBy>Василий</createdBy>
<createdTime>2023-02-26 18:18:50 UTC</createdTime>
<ownerDesignName>3_2_1</ownerDesignName>
<engineerTo>
<item key="3517DC7F-4452-1067-23D5-B2C1D159C3BC" value="true"/>
</engineerTo>
<use>0</use>
<ownDataTypeParameters>,,</ownDataTypeParameters>
</Attribute>
<Attribute name="Eligibility for Exam" id="AA38D83A-FB7A-D42D-A903-D4D25B9C7482">
<createdBy>Василий</createdBy>
<createdTime>2023-02-26 18:18:58 UTC</createdTime>
<ownerDesignName>3_2_1</ownerDesignName>
<engineerTo>
<item key="3517DC7F-4452-1067-23D5-B2C1D159C3BC" value="true"/>
</engineerTo>
<nullsAllowed>true</nullsAllowed>
<use>0</use>
<ownDataTypeParameters>,,</ownDataTypeParameters>
</Attribute>
</attributes>
<identifiers itemClass="oracle.dbtools.crest.model.design.logical.CandidateKey">
<identifier id="4B2FF9C0-3CE1-D7AB-0DC6-DFE1042FEDEA" name="Student PK">
<createdBy>Василий</createdBy>
<createdTime>2023-02-26 18:18:30 UTC</createdTime>
<ownerDesignName>3_2_1</ownerDesignName>
<engineerTo>
<item key="3517DC7F-4452-1067-23D5-B2C1D159C3BC" value="true"/>
</engineerTo>
<pk>true</pk>
<usedAttributes>
<attributeRef>CC0C1C2D-A048-AD8C-675C-16793751204A</attributeRef>
</usedAttributes>
</identifier>
</identifiers>
</Entity>