<?xml version = '1.0' encoding = 'UTF-8'?>
<Entity class="oracle.dbtools.crest.model.design.logical.Entity" directorySegmentName="seg_0" id="0F322691-9EB7-F657-4D94-001CF7BA0586" name="Online">
<createdBy>User</createdBy>
<createdTime>2022-03-08 19:55:07 UTC</createdTime>
<ownerDesignName>3.1.4 Practice</ownerDesignName>
<engineerTo>
<item key="C217EDA4-1FB5-3267-CE00-D7A993B86F42" value="true"/>
</engineerTo>
<adequatelyNormalized>NO</adequatelyNormalized>
<expectedVolumes>0</expectedVolumes>
<fwdEngineeringStrategyName>Single Table</fwdEngineeringStrategyName>
<growthPercent>0</growthPercent>
<growthType>Year</growthType>
<maxVolumes>9999999</maxVolumes>
<minVolumes>0</minVolumes>
<normalForm>Third</normalForm>
<attributes itemClass="oracle.dbtools.crest.model.design.logical.Attribute">
<Attribute name="LogOn ID" id="3D12EDE2-0B0F-D8E9-A80A-9A32FB5C9976">
<createdBy>User</createdBy>
<createdTime>2022-03-08 19:55:29 UTC</createdTime>
<ownerDesignName>3.1.4 Practice</ownerDesignName>
<engineerTo>
<item key="C217EDA4-1FB5-3267-CE00-D7A993B86F42" value="true"/>
</engineerTo>
<use>0</use>
<ownDataTypeParameters>,,</ownDataTypeParameters>
</Attribute>
<Attribute name="Password" id="9CF78E34-1DD6-BA68-5E03-CE96250BFB14">
<createdBy>User</createdBy>
<createdTime>2022-03-08 19:55:40 UTC</createdTime>
<ownerDesignName>3.1.4 Practice</ownerDesignName>
<engineerTo>
<item key="C217EDA4-1FB5-3267-CE00-D7A993B86F42" value="true"/>
</engineerTo>
<use>0</use>
<ownDataTypeParameters>,,</ownDataTypeParameters>
</Attribute>
</attributes>
</Entity>