<?xml version = '1.0' encoding = 'UTF-8'?>
<relationalModel class="oracle.dbtools.crest.model.design.relational.RelationalDesign" name="Relational_1" id="99349D6A-F238-DA9F-ABC5-E8BC59A00432" mainViewID="D8C646FD-FBC2-CEA4-491A-7A96E78D43A7">
<createdBy>User</createdBy>
<createdTime>2022-03-08 20:38:18 UTC</createdTime>
<ownerDesignName>3.1.6 Practice</ownerDesignName>
<shouldBeOpen>true</shouldBeOpen>
<selectedRDBMSSite>32076570-2523-435C-2E92-BF29817DFF70</selectedRDBMSSite>
</relationalModel>