<?xml version = '1.0' encoding = 'UTF-8'?>
<relationalModel class="oracle.dbtools.crest.model.design.relational.RelationalDesign" name="Relational_1" id="3517DC7F-4452-1067-23D5-B2C1D159C3BC" mainViewID="833206EA-7981-06BD-5FFB-A042EB94294D">
<createdBy>Василий</createdBy>
<createdTime>2023-02-26 18:13:38 UTC</createdTime>
<ownerDesignName>3_2_1</ownerDesignName>
<shouldBeOpen>false</shouldBeOpen>
<selectedRDBMSSite>32076570-2523-435C-2E92-BF29817DFF70</selectedRDBMSSite>
</relationalModel>