<?xml version = '1.0' encoding = 'UTF-8'?>
<relationalModel class="oracle.dbtools.crest.model.design.relational.RelationalDesign" name="Relational_1" id="533203A0-9157-FF39-C4CE-6E9160C31F98" mainViewID="29FC636F-530F-6E9E-5CFB-34C1D15E10E9">
<createdBy>Василий</createdBy>
<createdTime>2023-02-26 15:41:06 UTC</createdTime>
<ownerDesignName>3_4_main</ownerDesignName>
<shouldBeOpen>false</shouldBeOpen>
<selectedRDBMSSite>32076570-2523-435C-2E92-BF29817DFF70</selectedRDBMSSite>
</relationalModel>