<?xml version = '1.0' encoding = 'UTF-8'?>
<Entity class="oracle.dbtools.crest.model.design.logical.Entity" directorySegmentName="seg_0" id="0035612D-D59D-4028-F8FD-A1EC65903BE5" name="Course">
<createdBy>rusza</createdBy>
<createdTime>2022-03-02 21:41:25 UTC</createdTime>
<ownerDesignName>2_5</ownerDesignName>
<engineerTo>
<item key="6E5DC98E-403E-986F-5F3F-963B9FF9C3E5" value="true"/>
</engineerTo>
<adequatelyNormalized>NO</adequatelyNormalized>
<expectedVolumes>0</expectedVolumes>
<fwdEngineeringStrategyName>Single Table</fwdEngineeringStrategyName>
<growthPercent>0</growthPercent>
<growthType>Year</growthType>
<maxVolumes>9999999</maxVolumes>
<minVolumes>0</minVolumes>
<normalForm>Third</normalForm>
<attributes itemClass="oracle.dbtools.crest.model.design.logical.Attribute">
<Attribute name="ID" id="2EDEDA53-2568-C8D7-9AFE-6E21840246C5">
<createdBy>rusza</createdBy>
<createdTime>2022-03-02 21:41:39 UTC</createdTime>
<ownerDesignName>2_5</ownerDesignName>
<engineerTo>
<item key="6E5DC98E-403E-986F-5F3F-963B9FF9C3E5" value="true"/>
</engineerTo>
<use>0</use>
<ownDataTypeParameters>,,</ownDataTypeParameters>
</Attribute>
<Attribute name="Name" id="E69E11E1-4072-4EBF-D235-89B6D82FD21E">
<createdBy>rusza</createdBy>
<createdTime>2022-03-02 21:41:43 UTC</createdTime>
<ownerDesignName>2_5</ownerDesignName>
<engineerTo>
<item key="6E5DC98E-403E-986F-5F3F-963B9FF9C3E5" value="true"/>
</engineerTo>
<use>0</use>
<ownDataTypeParameters>,,</ownDataTypeParameters>
</Attribute>
</attributes>
<identifiers itemClass="oracle.dbtools.crest.model.design.logical.CandidateKey">
<identifier id="5AFAB6BF-67D3-EEED-F657-D4ACD15BDB07" name="Course PK">
<createdBy>rusza</createdBy>
<createdTime>2022-03-02 21:41:42 UTC</createdTime>
<ownerDesignName>2_5</ownerDesignName>
<engineerTo>
<item key="6E5DC98E-403E-986F-5F3F-963B9FF9C3E5" value="true"/>
</engineerTo>
<pk>true</pk>
<usedAttributes>
<attributeRef>2EDEDA53-2568-C8D7-9AFE-6E21840246C5</attributeRef>
</usedAttributes>
</identifier>
</identifiers>
</Entity>