<?xml version = '1.0' encoding = 'UTF-8'?>
<Entity class="oracle.dbtools.crest.model.design.logical.Entity" directorySegmentName="seg_0" id="7B6E2269-40B6-91F3-368B-67DFC3C8A675" name="Department">
<createdBy>rusza</createdBy>
<createdTime>2022-03-02 21:40:48 UTC</createdTime>
<ownerDesignName>2_5</ownerDesignName>
<engineerTo>
<item key="6E5DC98E-403E-986F-5F3F-963B9FF9C3E5" value="true"/>
</engineerTo>
<adequatelyNormalized>NO</adequatelyNormalized>
<expectedVolumes>0</expectedVolumes>
<fwdEngineeringStrategyName>Single Table</fwdEngineeringStrategyName>
<growthPercent>0</growthPercent>
<growthType>Year</growthType>
<maxVolumes>9999999</maxVolumes>
<minVolumes>0</minVolumes>
<normalForm>Third</normalForm>
<attributes itemClass="oracle.dbtools.crest.model.design.logical.Attribute">
<Attribute name="ID" id="B733AB0C-A2B9-9DA8-D7B0-98645CC55F6D">
<createdBy>rusza</createdBy>
<createdTime>2022-03-02 21:41:02 UTC</createdTime>
<ownerDesignName>2_5</ownerDesignName>
<engineerTo>
<item key="6E5DC98E-403E-986F-5F3F-963B9FF9C3E5" value="true"/>
</engineerTo>
<use>0</use>
<ownDataTypeParameters>,,</ownDataTypeParameters>
</Attribute>
<Attribute name="Name" id="A5DAB266-A540-303C-46BE-E42918C3EFDB">
<createdBy>rusza</createdBy>
<createdTime>2022-03-02 21:41:10 UTC</createdTime>
<ownerDesignName>2_5</ownerDesignName>
<engineerTo>
<item key="6E5DC98E-403E-986F-5F3F-963B9FF9C3E5" value="true"/>
</engineerTo>
<use>0</use>
<ownDataTypeParameters>,,</ownDataTypeParameters>
</Attribute>
<Attribute name="Head" id="D3BF3B03-E6EC-A174-836A-C802635C90AA">
<createdBy>rusza</createdBy>
<createdTime>2022-03-02 21:41:14 UTC</createdTime>
<ownerDesignName>2_5</ownerDesignName>
<engineerTo>
<item key="6E5DC98E-403E-986F-5F3F-963B9FF9C3E5" value="true"/>
</engineerTo>
<use>0</use>
<ownDataTypeParameters>,,</ownDataTypeParameters>
</Attribute>
</attributes>
<identifiers itemClass="oracle.dbtools.crest.model.design.logical.CandidateKey">
<identifier id="E27D3325-CA0D-1B41-1CEA-9116F20209E8" name="Department PK">
<createdBy>rusza</createdBy>
<createdTime>2022-03-02 21:41:09 UTC</createdTime>
<ownerDesignName>2_5</ownerDesignName>
<engineerTo>
<item key="6E5DC98E-403E-986F-5F3F-963B9FF9C3E5" value="true"/>
</engineerTo>
<pk>true</pk>
<usedAttributes>
<attributeRef>B733AB0C-A2B9-9DA8-D7B0-98645CC55F6D</attributeRef>
</usedAttributes>
</identifier>
</identifiers>
</Entity>