<?xml version = '1.0' encoding = 'UTF-8'?>
<Entity class="oracle.dbtools.crest.model.design.logical.Entity" directorySegmentName="seg_0" id="8E71CD58-CBDF-FAD3-FADE-D24C07553D60" name="Student">
<createdBy>rusza</createdBy>
<createdTime>2022-03-02 21:42:03 UTC</createdTime>
<ownerDesignName>2_5</ownerDesignName>
<engineerTo>
<item key="6E5DC98E-403E-986F-5F3F-963B9FF9C3E5" value="true"/>
</engineerTo>
<adequatelyNormalized>NO</adequatelyNormalized>
<expectedVolumes>0</expectedVolumes>
<fwdEngineeringStrategyName>Single Table</fwdEngineeringStrategyName>
<growthPercent>0</growthPercent>
<growthType>Year</growthType>
<maxVolumes>9999999</maxVolumes>
<minVolumes>0</minVolumes>
<normalForm>Third</normalForm>
<attributes itemClass="oracle.dbtools.crest.model.design.logical.Attribute">
<Attribute name="ID" id="A8A7E6EE-6131-5C3A-8B2F-F0469E70570F">
<createdBy>rusza</createdBy>
<createdTime>2022-03-02 21:42:08 UTC</createdTime>
<ownerDesignName>2_5</ownerDesignName>
<engineerTo>
<item key="6E5DC98E-403E-986F-5F3F-963B9FF9C3E5" value="true"/>
</engineerTo>
<use>0</use>
<ownDataTypeParameters>,,</ownDataTypeParameters>
</Attribute>
<Attribute name="Name" id="D4B5092F-6EAD-440A-E2E3-D2C0FF70DDCB">
<createdBy>rusza</createdBy>
<createdTime>2022-03-02 21:42:13 UTC</createdTime>
<ownerDesignName>2_5</ownerDesignName>
<engineerTo>
<item key="6E5DC98E-403E-986F-5F3F-963B9FF9C3E5" value="true"/>
</engineerTo>
<use>0</use>
<ownDataTypeParameters>,,</ownDataTypeParameters>
</Attribute>
<Attribute name="Registration Year" id="83F01356-676B-1F1E-E1D4-5BD01F7C221E">
<createdBy>rusza</createdBy>
<createdTime>2022-03-02 21:42:23 UTC</createdTime>
<ownerDesignName>2_5</ownerDesignName>
<engineerTo>
<item key="6E5DC98E-403E-986F-5F3F-963B9FF9C3E5" value="true"/>
</engineerTo>
<use>0</use>
<ownDataTypeParameters>,,</ownDataTypeParameters>
</Attribute>
<Attribute name="Email" id="BC341741-0759-E28C-C9D7-F918FCFF281D">
<createdBy>rusza</createdBy>
<createdTime>2022-03-02 21:42:37 UTC</createdTime>
<ownerDesignName>2_5</ownerDesignName>
<engineerTo>
<item key="6E5DC98E-403E-986F-5F3F-963B9FF9C3E5" value="true"/>
</engineerTo>
<use>0</use>
<ownDataTypeParameters>,,</ownDataTypeParameters>
</Attribute>
<Attribute name="Number of Working Days" id="F5D8A9C9-5C05-4F52-1B66-A3406530C909">
<createdBy>rusza</createdBy>
<createdTime>2022-03-02 21:42:42 UTC</createdTime>
<ownerDesignName>2_5</ownerDesignName>
<engineerTo>
<item key="6E5DC98E-403E-986F-5F3F-963B9FF9C3E5" value="true"/>
</engineerTo>
<use>0</use>
<ownDataTypeParameters>,,</ownDataTypeParameters>
</Attribute>
<Attribute name="Number of Days Off" id="648AFED8-EF48-2040-4A18-95CD2B0A8131">
<createdBy>rusza</createdBy>
<createdTime>2022-03-02 21:42:57 UTC</createdTime>
<ownerDesignName>2_5</ownerDesignName>
<engineerTo>
<item key="6E5DC98E-403E-986F-5F3F-963B9FF9C3E5" value="true"/>
</engineerTo>
<use>0</use>
<ownDataTypeParameters>,,</ownDataTypeParameters>
</Attribute>
<Attribute name="Eligibility for Exam" id="0E819643-2831-21EF-9E2F-DC6A315A6B2C">
<createdBy>rusza</createdBy>
<createdTime>2022-03-02 21:43:09 UTC</createdTime>
<ownerDesignName>2_5</ownerDesignName>
<engineerTo>
<item key="6E5DC98E-403E-986F-5F3F-963B9FF9C3E5" value="true"/>
</engineerTo>
<nullsAllowed>true</nullsAllowed>
<use>0</use>
<ownDataTypeParameters>,,</ownDataTypeParameters>
</Attribute>
<Attribute name="ID1" id="EA965910-2F30-0D49-8F52-A4A3E0736697">
<createdBy>Василий</createdBy>
<createdTime>2023-02-20 00:15:22 UTC</createdTime>
<generatorID>5D133F78-3424-4173-C0FF-5904E065935C</generatorID>
<ownerDesignName>2_5</ownerDesignName>
<engineerTo>
<item key="6E5DC98E-403E-986F-5F3F-963B9FF9C3E5" value="true"/>
</engineerTo>
<referedAttribute>7BB1F48A-834A-1940-C85D-B8E5F392D850</referedAttribute>
<use>0</use>
<ownDataTypeParameters>,,</ownDataTypeParameters>
</Attribute>
<Attribute name="Login Date" id="1D1316A1-9033-282C-8B7F-DE9968701DEF">
<createdBy>Василий</createdBy>
<createdTime>2023-02-20 00:15:22 UTC</createdTime>
<generatorID>5D133F78-3424-4173-C0FF-5904E065935C</generatorID>
<ownerDesignName>2_5</ownerDesignName>
<engineerTo>
<item key="6E5DC98E-403E-986F-5F3F-963B9FF9C3E5" value="true"/>
</engineerTo>
<referedAttribute>C7CF37D2-B358-7544-F42C-6BD234E71A6D</referedAttribute>
<use>0</use>
<ownDataTypeParameters>,,</ownDataTypeParameters>
</Attribute>
</attributes>
<identifiers itemClass="oracle.dbtools.crest.model.design.logical.CandidateKey">
<identifier id="8E645465-8FF3-59A7-7760-C967B844968B" name="Student PK">
<createdBy>rusza</createdBy>
<createdTime>2022-03-02 21:42:12 UTC</createdTime>
<ownerDesignName>2_5</ownerDesignName>
<engineerTo>
<item key="6E5DC98E-403E-986F-5F3F-963B9FF9C3E5" value="true"/>
</engineerTo>
<pk>true</pk>
<usedAttributes>
<attributeRef>A8A7E6EE-6131-5C3A-8B2F-F0469E70570F</attributeRef>
</usedAttributes>
</identifier>
</identifiers>
</Entity>