<?xml version = '1.0' encoding = 'UTF-8'?>
<Entity class="oracle.dbtools.crest.model.design.logical.Entity" directorySegmentName="seg_0" id="A474046B-ED61-D249-86C2-9C85C223F208" name="Academic session">
<createdBy>rusza</createdBy>
<createdTime>2022-03-02 21:49:59 UTC</createdTime>
<ownerDesignName>2_5</ownerDesignName>
<engineerTo>
<item key="6E5DC98E-403E-986F-5F3F-963B9FF9C3E5" value="true"/>
</engineerTo>
<adequatelyNormalized>NO</adequatelyNormalized>
<expectedVolumes>0</expectedVolumes>
<fwdEngineeringStrategyName>Single Table</fwdEngineeringStrategyName>
<growthPercent>0</growthPercent>
<growthType>Year</growthType>
<maxVolumes>9999999</maxVolumes>
<minVolumes>0</minVolumes>
<normalForm>Third</normalForm>
<attributes itemClass="oracle.dbtools.crest.model.design.logical.Attribute">
<Attribute name="ID" id="B1EE7ADF-98EB-3C4D-59F2-0361ED0A598B">
<createdBy>rusza</createdBy>
<createdTime>2022-03-02 21:50:10 UTC</createdTime>
<ownerDesignName>2_5</ownerDesignName>
<engineerTo>
<item key="6E5DC98E-403E-986F-5F3F-963B9FF9C3E5" value="true"/>
</engineerTo>
<use>0</use>
<ownDataTypeParameters>,,</ownDataTypeParameters>
</Attribute>
<Attribute name="Name" id="16F2632D-589D-B048-B447-1850BBA70716">
<createdBy>rusza</createdBy>
<createdTime>2022-03-02 21:50:15 UTC</createdTime>
<ownerDesignName>2_5</ownerDesignName>
<engineerTo>
<item key="6E5DC98E-403E-986F-5F3F-963B9FF9C3E5" value="true"/>
</engineerTo>
<nullsAllowed>true</nullsAllowed>
<use>0</use>
<ownDataTypeParameters>,,</ownDataTypeParameters>
</Attribute>
</attributes>
<identifiers itemClass="oracle.dbtools.crest.model.design.logical.CandidateKey">
<identifier id="69FE967A-0D1D-2DAD-FBA0-8C77F531BFA2" name="Academic session PK">
<createdBy>rusza</createdBy>
<createdTime>2022-03-02 21:50:14 UTC</createdTime>
<ownerDesignName>2_5</ownerDesignName>
<engineerTo>
<item key="6E5DC98E-403E-986F-5F3F-963B9FF9C3E5" value="true"/>
</engineerTo>
<pk>true</pk>
<usedAttributes>
<attributeRef>B1EE7ADF-98EB-3C4D-59F2-0361ED0A598B</attributeRef>
</usedAttributes>
</identifier>
</identifiers>
</Entity>