<?xml version = '1.0' encoding = 'UTF-8'?>
<Entity class="oracle.dbtools.crest.model.design.logical.Entity" directorySegmentName="seg_0" id="18C37A58-1AFD-E07C-FF22-F3D494E8D86C" name="Ordered Item">
<createdBy>User</createdBy>
<createdTime>2022-03-14 15:03:17 UTC</createdTime>
<ownerDesignName>3_2 Project</ownerDesignName>
<engineerTo>
<item key="1BDABE97-5459-1B0C-05AD-9550BB864CCB" value="true"/>
</engineerTo>
<adequatelyNormalized>NO</adequatelyNormalized>
<expectedVolumes>0</expectedVolumes>
<fwdEngineeringStrategyName>Single Table</fwdEngineeringStrategyName>
<growthPercent>0</growthPercent>
<growthType>Year</growthType>
<maxVolumes>9999999</maxVolumes>
<minVolumes>0</minVolumes>
<normalForm>Third</normalForm>
<attributes itemClass="oracle.dbtools.crest.model.design.logical.Attribute">
<Attribute name="Quantity ordered" id="6D9EB591-DAAC-B507-EE1D-307CC2407369">
<createdBy>User</createdBy>
<createdTime>2022-03-14 15:03:28 UTC</createdTime>
<ownerDesignName>3_2 Project</ownerDesignName>
<engineerTo>
<item key="1BDABE97-5459-1B0C-05AD-9550BB864CCB" value="true"/>
</engineerTo>
<use>0</use>
<ownDataTypeParameters>,,</ownDataTypeParameters>
</Attribute>
<Attribute name="Quantity shipped" id="3529EEA6-517A-23A0-027E-0E28B4550F6E">
<createdBy>User</createdBy>
<createdTime>2022-03-14 15:03:43 UTC</createdTime>
<ownerDesignName>3_2 Project</ownerDesignName>
<engineerTo>
<item key="1BDABE97-5459-1B0C-05AD-9550BB864CCB" value="true"/>
</engineerTo>
<use>0</use>
<ownDataTypeParameters>,,</ownDataTypeParameters>
</Attribute>
<Attribute name="ID" id="A8ABCD04-5638-9AD8-CA34-5F8913C8C6BB">
<createdBy>User</createdBy>
<createdTime>2022-03-14 15:08:25 UTC</createdTime>
<generatorID>FAFAF9DE-2753-CC22-8D87-2F91489AF87A</generatorID>
<ownerDesignName>3_2 Project</ownerDesignName>
<engineerTo>
<item key="1BDABE97-5459-1B0C-05AD-9550BB864CCB" value="true"/>
</engineerTo>
<referedAttribute>A84F440B-BAAA-D120-ADF3-FEC9A10A8455</referedAttribute>
<use>0</use>
<ownDataTypeParameters>,,</ownDataTypeParameters>
</Attribute>
<Attribute name="Number" id="59FF2C25-DE46-449A-7C8F-9A5140E830E2">
<createdBy>User</createdBy>
<createdTime>2022-03-14 15:09:02 UTC</createdTime>
<generatorID>25D2A40B-AFD1-6B83-DD92-5CDE0ABCE386</generatorID>
<ownerDesignName>3_2 Project</ownerDesignName>
<engineerTo>
<item key="1BDABE97-5459-1B0C-05AD-9550BB864CCB" value="true"/>
</engineerTo>
<referedAttribute>95CA4B41-9D1E-04E4-7BC1-C154EAEDFCB2</referedAttribute>
<use>0</use>
<ownDataTypeParameters>,,</ownDataTypeParameters>
</Attribute>
</attributes>
<identifiers itemClass="oracle.dbtools.crest.model.design.logical.CandidateKey">
<identifier id="66DF830F-2157-0C6D-E88A-4D853691FBC0" name="Ordered Item PK">
<createdBy>User</createdBy>
<createdTime>2022-03-14 15:08:25 UTC</createdTime>
<ownerDesignName>3_2 Project</ownerDesignName>
<engineerTo>
<item key="1BDABE97-5459-1B0C-05AD-9550BB864CCB" value="true"/>
</engineerTo>
<pk>true</pk>
<usedAttributes>
<attributeRef>A8ABCD04-5638-9AD8-CA34-5F8913C8C6BB</attributeRef>
<attributeRef>59FF2C25-DE46-449A-7C8F-9A5140E830E2</attributeRef>
</usedAttributes>
</identifier>
</identifiers>
</Entity>