<?xml version = '1.0' encoding = 'UTF-8'?>
<Entity class="oracle.dbtools.crest.model.design.logical.Entity" directorySegmentName="seg_0" id="FDF428C0-5C8F-1CDD-420D-58981FFC264A" name="Inventory List">
<createdBy>User</createdBy>
<createdTime>2022-03-14 14:57:00 UTC</createdTime>
<ownerDesignName>3_2 Project</ownerDesignName>
<engineerTo>
<item key="1BDABE97-5459-1B0C-05AD-9550BB864CCB" value="true"/>
</engineerTo>
<adequatelyNormalized>NO</adequatelyNormalized>
<expectedVolumes>0</expectedVolumes>
<fwdEngineeringStrategyName>Single Table</fwdEngineeringStrategyName>
<growthPercent>0</growthPercent>
<growthType>Year</growthType>
<maxVolumes>9999999</maxVolumes>
<minVolumes>0</minVolumes>
<normalForm>Third</normalForm>
<attributes itemClass="oracle.dbtools.crest.model.design.logical.Attribute">
<Attribute name="ID" id="AB0CD147-D0EA-9294-CB2A-16FB08533D99">
<createdBy>User</createdBy>
<createdTime>2022-03-14 14:57:00 UTC</createdTime>
<ownerDesignName>3_2 Project</ownerDesignName>
<importedID>AE49973E-0663-541C-F8B8-BAF74F336ECE</importedID>
<engineerTo>
<item key="1BDABE97-5459-1B0C-05AD-9550BB864CCB" value="true"/>
</engineerTo>
<use>0</use>
<ownDataTypeParameters>,,</ownDataTypeParameters>
</Attribute>
<Attribute name="Cost of the Unit" id="2853DB2E-8211-6495-F79B-F605A2EDC525">
<createdBy>User</createdBy>
<createdTime>2022-03-14 14:57:00 UTC</createdTime>
<ownerDesignName>3_2 Project</ownerDesignName>
<importedID>8198690D-B8ED-7B49-24BE-313FF3694145</importedID>
<engineerTo>
<item key="1BDABE97-5459-1B0C-05AD-9550BB864CCB" value="true"/>
</engineerTo>
<use>0</use>
<ownDataTypeParameters>,,</ownDataTypeParameters>
</Attribute>
<Attribute name="Units on hand" id="F0CE7DEA-D01A-1473-D6DE-E79CCF3D5E3F">
<createdBy>User</createdBy>
<createdTime>2022-03-14 14:57:00 UTC</createdTime>
<ownerDesignName>3_2 Project</ownerDesignName>
<importedID>E9D187D1-A1B6-8749-B51E-CBA833D29499</importedID>
<engineerTo>
<item key="1BDABE97-5459-1B0C-05AD-9550BB864CCB" value="true"/>
</engineerTo>
<use>0</use>
<ownDataTypeParameters>,,</ownDataTypeParameters>
</Attribute>
</attributes>
<identifiers itemClass="oracle.dbtools.crest.model.design.logical.CandidateKey">
<identifier id="BEFEE67A-42E9-7BB7-43C0-653939BF4A6B" name="Inventory List PK">
<createdBy>User</createdBy>
<createdTime>2022-03-14 14:57:00 UTC</createdTime>
<ownerDesignName>3_2 Project</ownerDesignName>
<engineerTo>
<item key="1BDABE97-5459-1B0C-05AD-9550BB864CCB" value="true"/>
</engineerTo>
<pk>true</pk>
<usedAttributes>
<attributeRef>AB0CD147-D0EA-9294-CB2A-16FB08533D99</attributeRef>
</usedAttributes>
</identifier>
</identifiers>
</Entity>