<?xml version = '1.0' encoding = 'UTF-8'?>
<Entity class="oracle.dbtools.crest.model.design.logical.Entity" directorySegmentName="seg_0" id="5254A90A-A093-0142-EE02-5362FE9563A4" name="Information">
<createdBy>Василий</createdBy>
<createdTime>2023-02-26 18:19:34 UTC</createdTime>
<ownerDesignName>3_2_1</ownerDesignName>
<engineerTo>
<item key="3517DC7F-4452-1067-23D5-B2C1D159C3BC" value="true"/>
</engineerTo>
<adequatelyNormalized>NO</adequatelyNormalized>
<expectedVolumes>0</expectedVolumes>
<fwdEngineeringStrategyName>Single Table</fwdEngineeringStrategyName>
<growthPercent>0</growthPercent>
<growthType>Year</growthType>
<maxVolumes>9999999</maxVolumes>
<minVolumes>0</minVolumes>
<normalForm>Third</normalForm>
<attributes itemClass="oracle.dbtools.crest.model.design.logical.Attribute">
<Attribute name="Course ID" id="550EC4B0-FB2E-30C9-BDF1-348EAE7D750D">
<createdBy>Василий</createdBy>
<createdTime>2023-02-26 18:19:51 UTC</createdTime>
<ownerDesignName>3_2_1</ownerDesignName>
<engineerTo>
<item key="3517DC7F-4452-1067-23D5-B2C1D159C3BC" value="true"/>
</engineerTo>
<use>0</use>
<ownDataTypeParameters>,,</ownDataTypeParameters>
</Attribute>
<Attribute name="Student ID" id="1827CA7E-8379-BEC0-FF3D-507C9E7E8FA2">
<createdBy>Василий</createdBy>
<createdTime>2023-02-26 18:20:00 UTC</createdTime>
<ownerDesignName>3_2_1</ownerDesignName>
<engineerTo>
<item key="3517DC7F-4452-1067-23D5-B2C1D159C3BC" value="true"/>
</engineerTo>
<use>0</use>
<ownDataTypeParameters>,,</ownDataTypeParameters>
</Attribute>
<Attribute name="Grade" id="D94A991A-A1B2-C76B-CE3F-47809B1B3A10">
<createdBy>Василий</createdBy>
<createdTime>2023-02-26 18:20:08 UTC</createdTime>
<ownerDesignName>3_2_1</ownerDesignName>
<engineerTo>
<item key="3517DC7F-4452-1067-23D5-B2C1D159C3BC" value="true"/>
</engineerTo>
<use>0</use>
<ownDataTypeParameters>,,</ownDataTypeParameters>
</Attribute>
<Attribute name="ID" id="F5238B19-CA0D-5A45-A8C0-0616344073AD">
<createdBy>Василий</createdBy>
<createdTime>2023-02-26 18:20:26 UTC</createdTime>
<generatorID>298138A6-8536-5E1E-9777-22485E09F8BF</generatorID>
<ownerDesignName>3_2_1</ownerDesignName>
<engineerTo>
<item key="3517DC7F-4452-1067-23D5-B2C1D159C3BC" value="true"/>
</engineerTo>
<referedAttribute>CC0C1C2D-A048-AD8C-675C-16793751204A</referedAttribute>
<use>0</use>
<ownDataTypeParameters>,,</ownDataTypeParameters>
</Attribute>
<Attribute name="ID1" id="C2E210C2-F9A3-9B03-8DF6-3DCFB0E72105">
<createdBy>Василий</createdBy>
<createdTime>2023-02-26 18:21:24 UTC</createdTime>
<generatorID>037A7B08-455B-3490-FF61-B9B91728306C</generatorID>
<ownerDesignName>3_2_1</ownerDesignName>
<engineerTo>
<item key="3517DC7F-4452-1067-23D5-B2C1D159C3BC" value="true"/>
</engineerTo>
<referedAttribute>EFB24ADC-BCC0-D454-A256-6F5011D97894</referedAttribute>
<use>0</use>
<ownDataTypeParameters>,,</ownDataTypeParameters>
</Attribute>
</attributes>
<identifiers itemClass="oracle.dbtools.crest.model.design.logical.CandidateKey">
<identifier id="7440EF12-9586-2F31-B12A-DEAF12B34FF8" name="Information PK">
<createdBy>Василий</createdBy>
<createdTime>2023-02-26 18:19:57 UTC</createdTime>
<ownerDesignName>3_2_1</ownerDesignName>
<engineerTo>
<item key="3517DC7F-4452-1067-23D5-B2C1D159C3BC" value="true"/>
</engineerTo>
<pk>true</pk>
<usedAttributes>
<attributeRef>550EC4B0-FB2E-30C9-BDF1-348EAE7D750D</attributeRef>
<attributeRef>1827CA7E-8379-BEC0-FF3D-507C9E7E8FA2</attributeRef>
<attributeRef>F5238B19-CA0D-5A45-A8C0-0616344073AD</attributeRef>
<attributeRef>C2E210C2-F9A3-9B03-8DF6-3DCFB0E72105</attributeRef>
</usedAttributes>
</identifier>
</identifiers>
</Entity>