<?xml version = '1.0' encoding = 'UTF-8'?>
<Entity class="oracle.dbtools.crest.model.design.logical.Entity" directorySegmentName="seg_0" id="5973EFEC-D350-5C2E-BE5C-E7D83A0C3230" name="Sales Representative">
<createdBy>Василий</createdBy>
<createdTime>2023-02-20 00:41:48 UTC</createdTime>
<ownerDesignName>2_5_1</ownerDesignName>
<engineerTo>
<item key="BD4453FA-B719-1B79-2094-2E0DEA1693F3" value="true"/>
</engineerTo>
<adequatelyNormalized>NO</adequatelyNormalized>
<expectedVolumes>0</expectedVolumes>
<fwdEngineeringStrategyName>Single Table</fwdEngineeringStrategyName>
<growthPercent>0</growthPercent>
<growthType>Year</growthType>
<maxVolumes>9999999</maxVolumes>
<minVolumes>0</minVolumes>
<normalForm>Third</normalForm>
<attributes itemClass="oracle.dbtools.crest.model.design.logical.Attribute">
<Attribute name="ID" id="CE7627FE-B248-CFE6-2892-79466216B237">
<createdBy>Василий</createdBy>
<createdTime>2023-02-20 00:42:02 UTC</createdTime>
<ownerDesignName>2_5_1</ownerDesignName>
<engineerTo>
<item key="BD4453FA-B719-1B79-2094-2E0DEA1693F3" value="true"/>
</engineerTo>
<use>0</use>
<ownDataTypeParameters>,,</ownDataTypeParameters>
</Attribute>
<Attribute name="Email" id="4DBAE8BD-EEA1-9EF4-E2A0-4EB8774F2472">
<createdBy>Василий</createdBy>
<createdTime>2023-02-20 00:42:07 UTC</createdTime>
<ownerDesignName>2_5_1</ownerDesignName>
<engineerTo>
<item key="BD4453FA-B719-1B79-2094-2E0DEA1693F3" value="true"/>
</engineerTo>
<use>0</use>
<ownDataTypeParameters>,,</ownDataTypeParameters>
</Attribute>
<Attribute name="Name" id="96405395-AA81-944C-2526-64FE337BA942">
<createdBy>Василий</createdBy>
<createdTime>2023-02-20 00:42:13 UTC</createdTime>
<ownerDesignName>2_5_1</ownerDesignName>
<engineerTo>
<item key="BD4453FA-B719-1B79-2094-2E0DEA1693F3" value="true"/>
</engineerTo>
<use>0</use>
<ownDataTypeParameters>,,</ownDataTypeParameters>
</Attribute>
<Attribute name="Address" id="B431331B-8FB0-353E-E47F-516ED4E828C3">
<createdBy>Василий</createdBy>
<createdTime>2023-02-20 00:42:18 UTC</createdTime>
<ownerDesignName>2_5_1</ownerDesignName>
<engineerTo>
<item key="BD4453FA-B719-1B79-2094-2E0DEA1693F3" value="true"/>
</engineerTo>
<use>0</use>
<ownDataTypeParameters>,,</ownDataTypeParameters>
</Attribute>
<Attribute name="Phone number" id="A5053930-D2F2-6338-A6EA-628D43453EA1">
<createdBy>Василий</createdBy>
<createdTime>2023-02-20 00:42:23 UTC</createdTime>
<ownerDesignName>2_5_1</ownerDesignName>
<engineerTo>
<item key="BD4453FA-B719-1B79-2094-2E0DEA1693F3" value="true"/>
</engineerTo>
<use>0</use>
<ownDataTypeParameters>,,</ownDataTypeParameters>
</Attribute>
<Attribute name="rating" id="AEE838A0-71D7-E46D-C58D-1CCDCC7D0C6F">
<createdBy>Василий</createdBy>
<createdTime>2023-02-20 00:42:31 UTC</createdTime>
<ownerDesignName>2_5_1</ownerDesignName>
<engineerTo>
<item key="BD4453FA-B719-1B79-2094-2E0DEA1693F3" value="true"/>
</engineerTo>
<nullsAllowed>true</nullsAllowed>
<use>0</use>
<ownDataTypeParameters>,,</ownDataTypeParameters>
</Attribute>
</attributes>
<identifiers itemClass="oracle.dbtools.crest.model.design.logical.CandidateKey">
<identifier id="F0C95014-B243-8EF0-68B1-2C629634EE2C" name="Sales Representative PK">
<createdBy>Василий</createdBy>
<createdTime>2023-02-20 00:42:05 UTC</createdTime>
<ownerDesignName>2_5_1</ownerDesignName>
<engineerTo>
<item key="BD4453FA-B719-1B79-2094-2E0DEA1693F3" value="true"/>
</engineerTo>
<pk>true</pk>
<usedAttributes>
<attributeRef>CE7627FE-B248-CFE6-2892-79466216B237</attributeRef>
<attributeRef>4DBAE8BD-EEA1-9EF4-E2A0-4EB8774F2472</attributeRef>
</usedAttributes>
</identifier>
</identifiers>
</Entity>