<?xml version = '1.0' encoding = 'UTF-8'?>
<Entity class="oracle.dbtools.crest.model.design.logical.Entity" directorySegmentName="seg_0" id="69E50F81-45E6-3587-11AA-F60BB324482F" name="Item">
<createdBy>Василий</createdBy>
<createdTime>2023-02-20 00:48:08 UTC</createdTime>
<ownerDesignName>2_5_1</ownerDesignName>
<engineerTo>
<item key="BD4453FA-B719-1B79-2094-2E0DEA1693F3" value="true"/>
</engineerTo>
<adequatelyNormalized>NO</adequatelyNormalized>
<expectedVolumes>0</expectedVolumes>
<fwdEngineeringStrategyName>Single Table</fwdEngineeringStrategyName>
<growthPercent>0</growthPercent>
<growthType>Year</growthType>
<maxVolumes>9999999</maxVolumes>
<minVolumes>0</minVolumes>
<normalForm>Third</normalForm>
<attributes itemClass="oracle.dbtools.crest.model.design.logical.Attribute">
<Attribute name="ID" id="2B9958E6-F270-A7CD-8642-390E5CE8084F">
<createdBy>Василий</createdBy>
<createdTime>2023-02-20 00:48:16 UTC</createdTime>
<ownerDesignName>2_5_1</ownerDesignName>
<engineerTo>
<item key="BD4453FA-B719-1B79-2094-2E0DEA1693F3" value="true"/>
</engineerTo>
<use>0</use>
<ownDataTypeParameters>,,</ownDataTypeParameters>
</Attribute>
<Attribute name="Name" id="11C90EC1-FA17-BF03-EBE5-83A1D62F4A32">
<createdBy>Василий</createdBy>
<createdTime>2023-02-20 00:48:20 UTC</createdTime>
<ownerDesignName>2_5_1</ownerDesignName>
<engineerTo>
<item key="BD4453FA-B719-1B79-2094-2E0DEA1693F3" value="true"/>
</engineerTo>
<use>0</use>
<ownDataTypeParameters>,,</ownDataTypeParameters>
</Attribute>
<Attribute name="Desc" id="94AC5C18-5200-00BD-ED46-2DC2A6CC871B">
<createdBy>Василий</createdBy>
<createdTime>2023-02-20 00:48:24 UTC</createdTime>
<ownerDesignName>2_5_1</ownerDesignName>
<engineerTo>
<item key="BD4453FA-B719-1B79-2094-2E0DEA1693F3" value="true"/>
</engineerTo>
<nullsAllowed>true</nullsAllowed>
<use>0</use>
<ownDataTypeParameters>,,</ownDataTypeParameters>
</Attribute>
<Attribute name="Price" id="C89F3DA6-D3AB-7AF4-4AE5-BDE99D43743F">
<createdBy>Василий</createdBy>
<createdTime>2023-02-20 00:48:27 UTC</createdTime>
<ownerDesignName>2_5_1</ownerDesignName>
<engineerTo>
<item key="BD4453FA-B719-1B79-2094-2E0DEA1693F3" value="true"/>
</engineerTo>
<use>0</use>
<ownDataTypeParameters>,,</ownDataTypeParameters>
</Attribute>
<Attribute name="Category" id="369C0891-86BC-FFFB-1270-C355B4437584">
<createdBy>Василий</createdBy>
<createdTime>2023-02-20 00:48:33 UTC</createdTime>
<ownerDesignName>2_5_1</ownerDesignName>
<engineerTo>
<item key="BD4453FA-B719-1B79-2094-2E0DEA1693F3" value="true"/>
</engineerTo>
<use>0</use>
<ownDataTypeParameters>,,</ownDataTypeParameters>
</Attribute>
<Attribute name="Color" id="53FD49AB-D794-483E-977B-B5D487E2A89D">
<createdBy>Василий</createdBy>
<createdTime>2023-02-20 00:48:41 UTC</createdTime>
<ownerDesignName>2_5_1</ownerDesignName>
<engineerTo>
<item key="BD4453FA-B719-1B79-2094-2E0DEA1693F3" value="true"/>
</engineerTo>
<nullsAllowed>true</nullsAllowed>
<use>0</use>
<ownDataTypeParameters>,,</ownDataTypeParameters>
</Attribute>
<Attribute name="Size" id="0E8834A2-6E41-ABA6-27FA-33D877B3E2B5">
<createdBy>Василий</createdBy>
<createdTime>2023-02-20 00:48:43 UTC</createdTime>
<ownerDesignName>2_5_1</ownerDesignName>
<engineerTo>
<item key="BD4453FA-B719-1B79-2094-2E0DEA1693F3" value="true"/>
</engineerTo>
<nullsAllowed>true</nullsAllowed>
<use>0</use>
<ownDataTypeParameters>,,</ownDataTypeParameters>
</Attribute>
<Attribute name="ID1" id="34E1DB9A-FDA1-1B30-32A1-3541C2348AB4">
<createdBy>Василий</createdBy>
<createdTime>2023-02-20 00:49:25 UTC</createdTime>
<generatorID>83A2ADE1-804D-5807-15FD-FBAA1C4471A6</generatorID>
<ownerDesignName>2_5_1</ownerDesignName>
<engineerTo>
<item key="BD4453FA-B719-1B79-2094-2E0DEA1693F3" value="true"/>
</engineerTo>
<referedAttribute>2C4A1984-151D-B7C9-EB6F-8EA1D7068A83</referedAttribute>
<use>0</use>
<ownDataTypeParameters>,,</ownDataTypeParameters>
</Attribute>
<Attribute name="Date" id="362EF8DE-E701-64AD-E33D-9078B8F23E7B">
<createdBy>Василий</createdBy>
<createdTime>2023-02-20 00:49:25 UTC</createdTime>
<generatorID>83A2ADE1-804D-5807-15FD-FBAA1C4471A6</generatorID>
<ownerDesignName>2_5_1</ownerDesignName>
<engineerTo>
<item key="BD4453FA-B719-1B79-2094-2E0DEA1693F3" value="true"/>
</engineerTo>
<referedAttribute>697612BE-E019-6703-8B33-5F83712B578B</referedAttribute>
<use>0</use>
<ownDataTypeParameters>,,</ownDataTypeParameters>
</Attribute>
<Attribute name="ID2" id="FFCBFFDC-C2AA-A098-3836-F41A4F6EC81C">
<createdBy>Василий</createdBy>
<createdTime>2023-02-20 00:50:59 UTC</createdTime>
<generatorID>6436E487-347C-91F2-DE1F-3AF80F0BA54B</generatorID>
<ownerDesignName>2_5_1</ownerDesignName>
<engineerTo>
<item key="BD4453FA-B719-1B79-2094-2E0DEA1693F3" value="true"/>
</engineerTo>
<referedAttribute>35666CB9-7D41-DB77-B9B0-EFE0BF13935B</referedAttribute>
<use>0</use>
<ownDataTypeParameters>,,</ownDataTypeParameters>
</Attribute>
</attributes>
<identifiers itemClass="oracle.dbtools.crest.model.design.logical.CandidateKey">
<identifier id="32DBE8C9-096A-AD90-830A-76BBCA2F5010" name="Item PK">
<createdBy>Василий</createdBy>
<createdTime>2023-02-20 00:48:19 UTC</createdTime>
<ownerDesignName>2_5_1</ownerDesignName>
<engineerTo>
<item key="BD4453FA-B719-1B79-2094-2E0DEA1693F3" value="true"/>
</engineerTo>
<pk>true</pk>
<usedAttributes>
<attributeRef>2B9958E6-F270-A7CD-8642-390E5CE8084F</attributeRef>
</usedAttributes>
</identifier>
</identifiers>
</Entity>