<?xml version = '1.0' encoding = 'UTF-8'?>
<Entity class="oracle.dbtools.crest.model.design.logical.Entity" directorySegmentName="seg_0" id="B33C9A81-DC48-F7EE-D7FF-C89433885DE4" name="Team">
<createdBy>Василий</createdBy>
<createdTime>2023-02-20 00:33:53 UTC</createdTime>
<ownerDesignName>2_5_1</ownerDesignName>
<engineerTo>
<item key="BD4453FA-B719-1B79-2094-2E0DEA1693F3" value="true"/>
</engineerTo>
<adequatelyNormalized>NO</adequatelyNormalized>
<expectedVolumes>0</expectedVolumes>
<fwdEngineeringStrategyName>Single Table</fwdEngineeringStrategyName>
<growthPercent>0</growthPercent>
<growthType>Year</growthType>
<maxVolumes>9999999</maxVolumes>
<minVolumes>0</minVolumes>
<normalForm>Third</normalForm>
<attributes itemClass="oracle.dbtools.crest.model.design.logical.Attribute">
<Attribute name="ID" id="2EA44CBB-0F69-72E6-A526-AAE493B5FCE9">
<createdBy>Василий</createdBy>
<createdTime>2023-02-20 00:34:04 UTC</createdTime>
<ownerDesignName>2_5_1</ownerDesignName>
<engineerTo>
<item key="BD4453FA-B719-1B79-2094-2E0DEA1693F3" value="true"/>
</engineerTo>
<use>0</use>
<ownDataTypeParameters>,,</ownDataTypeParameters>
</Attribute>
<Attribute name="Name" id="95F12D12-C452-D357-706E-CEE94B470A22">
<createdBy>Василий</createdBy>
<createdTime>2023-02-20 00:34:11 UTC</createdTime>
<ownerDesignName>2_5_1</ownerDesignName>
<engineerTo>
<item key="BD4453FA-B719-1B79-2094-2E0DEA1693F3" value="true"/>
</engineerTo>
<use>0</use>
<ownDataTypeParameters>,,</ownDataTypeParameters>
</Attribute>
<Attribute name="Number of players" id="CDC95228-64B3-DCF6-6175-7F1C223FEE03">
<createdBy>Василий</createdBy>
<createdTime>2023-02-20 00:34:17 UTC</createdTime>
<ownerDesignName>2_5_1</ownerDesignName>
<engineerTo>
<item key="BD4453FA-B719-1B79-2094-2E0DEA1693F3" value="true"/>
</engineerTo>
<use>0</use>
<ownDataTypeParameters>,,</ownDataTypeParameters>
</Attribute>
<Attribute name="Doscount" id="5B7298B2-F8CC-EA10-D1A2-C7DEEC7E7A27">
<createdBy>Василий</createdBy>
<createdTime>2023-02-20 00:34:30 UTC</createdTime>
<ownerDesignName>2_5_1</ownerDesignName>
<engineerTo>
<item key="BD4453FA-B719-1B79-2094-2E0DEA1693F3" value="true"/>
</engineerTo>
<nullsAllowed>true</nullsAllowed>
<use>0</use>
<ownDataTypeParameters>,,</ownDataTypeParameters>
</Attribute>
</attributes>
<identifiers itemClass="oracle.dbtools.crest.model.design.logical.CandidateKey">
<identifier id="CDE9B1B9-FFB0-0BEC-A343-4EA3D0ED36C4" name="Team PK">
<createdBy>Василий</createdBy>
<createdTime>2023-02-20 00:34:08 UTC</createdTime>
<ownerDesignName>2_5_1</ownerDesignName>
<engineerTo>
<item key="BD4453FA-B719-1B79-2094-2E0DEA1693F3" value="true"/>
</engineerTo>
<pk>true</pk>
<usedAttributes>
<attributeRef>2EA44CBB-0F69-72E6-A526-AAE493B5FCE9</attributeRef>
</usedAttributes>
</identifier>
</identifiers>
</Entity>