<?xml version = '1.0' encoding = 'UTF-8'?>
<Relation class="oracle.dbtools.crest.model.design.logical.Relation" name="Relation_2" directorySegmentName="seg_0" id="5A2E1612-94F5-D175-1810-A0ECC35E44F6">
<createdBy>User</createdBy>
<createdTime>2022-03-01 09:03:34 UTC</createdTime>
<ownerDesignName>3.1.1_solved</ownerDesignName>
<engineerTo>
<item key="F0C4914D-0188-13B3-1192-6FA260E2C333" value="true"/>
</engineerTo>
<sourcePk>F15FA6AE-793A-51CA-367A-E4F493F4E61A</sourcePk>
<identifying>false</identifying>
<nameOnSource>assigned to</nameOnSource>
<nameOnTarget>assigned</nameOnTarget>
<optionalSource>false</optionalSource>
<optionalTarget>true</optionalTarget>
<sourceCardinality>1</sourceCardinality>
<sourceEntity>24F3C534-1B76-341F-E04D-B1DA82DE0555</sourceEntity>
<targetCardinalityString>*</targetCardinalityString>
<targetEntity>040BB331-C4AF-D463-B0A1-538ADDACF8E4</targetEntity>
<transferable>true</transferable>
<deleteRule>NO ACTION</deleteRule>
</Relation>