<?xml version = '1.0' encoding = 'UTF-8'?>
<Relation class="oracle.dbtools.crest.model.design.logical.Relation" name="Relation_7" directorySegmentName="seg_0" id="6436E487-347C-91F2-DE1F-3AF80F0BA54B">
<createdBy>Василий</createdBy>
<createdTime>2023-02-20 00:50:59 UTC</createdTime>
<ownerDesignName>2_5_1</ownerDesignName>
<engineerTo>
<item key="BD4453FA-B719-1B79-2094-2E0DEA1693F3" value="true"/>
</engineerTo>
<sourcePk>02AF5901-4B41-D96A-E648-F39BDB33E325</sourcePk>
<identifying>false</identifying>
<nameOnSource>Включает</nameOnSource>
<nameOnTarget>входит в состав</nameOnTarget>
<optionalSource>false</optionalSource>
<optionalTarget>false</optionalTarget>
<sourceCardinality>1</sourceCardinality>
<sourceEntity>C9FED852-6C29-939A-49B6-574E62AE7CE1</sourceEntity>
<targetCardinalityString>*</targetCardinalityString>
<targetEntity>69E50F81-45E6-3587-11AA-F60BB324482F</targetEntity>
<transferable>true</transferable>
<deleteRule>NO ACTION</deleteRule>
</Relation>