<?xml version = '1.0' encoding = 'UTF-8'?>
<Entity class="oracle.dbtools.crest.model.design.logical.Entity" directorySegmentName="seg_0" id="FA5A2406-9DAA-BE12-ADFB-D8754E4115B0" name="Customer Address">
<createdBy>User</createdBy>
<createdTime>2022-03-14 15:02:35 UTC</createdTime>
<ownerDesignName>3_2 Project</ownerDesignName>
<engineerTo>
<item key="1BDABE97-5459-1B0C-05AD-9550BB864CCB" value="true"/>
</engineerTo>
<adequatelyNormalized>NO</adequatelyNormalized>
<expectedVolumes>0</expectedVolumes>
<fwdEngineeringStrategyName>Single Table</fwdEngineeringStrategyName>
<growthPercent>0</growthPercent>
<growthType>Year</growthType>
<maxVolumes>9999999</maxVolumes>
<minVolumes>0</minVolumes>
<normalForm>Third</normalForm>
<attributes itemClass="oracle.dbtools.crest.model.design.logical.Attribute">
<Attribute name="Id" id="F8E9E52A-C12D-21CA-7FE7-75344763F179">
<createdBy>User</createdBy>
<createdTime>2022-03-14 15:02:54 UTC</createdTime>
<ownerDesignName>3_2 Project</ownerDesignName>
<engineerTo>
<item key="1BDABE97-5459-1B0C-05AD-9550BB864CCB" value="true"/>
</engineerTo>
<use>0</use>
<ownDataTypeParameters>,,</ownDataTypeParameters>
</Attribute>
<Attribute name="Address" id="EBBEC452-A090-ECE3-DA79-CC5199304A7A">
<createdBy>User</createdBy>
<createdTime>2022-03-14 15:02:58 UTC</createdTime>
<ownerDesignName>3_2 Project</ownerDesignName>
<engineerTo>
<item key="1BDABE97-5459-1B0C-05AD-9550BB864CCB" value="true"/>
</engineerTo>
<use>0</use>
<ownDataTypeParameters>,,</ownDataTypeParameters>
</Attribute>
<Attribute name="Number" id="487E4BC8-9FE1-6B90-9B3D-D87738F4D88A">
<createdBy>User</createdBy>
<createdTime>2022-03-14 15:07:43 UTC</createdTime>
<generatorID>08A4DCFC-F312-497C-4818-C1D532093CA9</generatorID>
<ownerDesignName>3_2 Project</ownerDesignName>
<engineerTo>
<item key="1BDABE97-5459-1B0C-05AD-9550BB864CCB" value="true"/>
</engineerTo>
<referedAttribute>AAA9B80C-95B7-5104-759B-1CE6F6D6E606</referedAttribute>
<use>0</use>
<ownDataTypeParameters>,,</ownDataTypeParameters>
</Attribute>
</attributes>
<identifiers itemClass="oracle.dbtools.crest.model.design.logical.CandidateKey">
<identifier id="8C1CCAF3-A207-8711-88C2-A38F8A297D98" name="Customer Address PK">
<createdBy>User</createdBy>
<createdTime>2022-03-14 15:02:57 UTC</createdTime>
<ownerDesignName>3_2 Project</ownerDesignName>
<engineerTo>
<item key="1BDABE97-5459-1B0C-05AD-9550BB864CCB" value="true"/>
</engineerTo>
<pk>true</pk>
<usedAttributes>
<attributeRef>F8E9E52A-C12D-21CA-7FE7-75344763F179</attributeRef>
</usedAttributes>
</identifier>
</identifiers>
</Entity>