<?xml version = '1.0' encoding = 'UTF-8'?>
<Relation class="oracle.dbtools.crest.model.design.logical.Relation" name="Relation_8" directorySegmentName="seg_0" id="04E224C3-D16D-F546-2EEA-8E36E79B158C">
<createdBy>User</createdBy>
<createdTime>2022-03-01 09:25:23 UTC</createdTime>
<ownerDesignName>3.1.4.2</ownerDesignName>
<engineerTo>
<item key="F0C4914D-0188-13B3-1192-6FA260E2C333" value="true"/>
</engineerTo>
<sourcePk>85836479-E97A-806A-A3CD-FF5E3D97FAC7</sourcePk>
<identifying>true</identifying>
<nameOnSource>represented by</nameOnSource>
<nameOnTarget>represent</nameOnTarget>
<optionalSource>true</optionalSource>
<optionalTarget>false</optionalTarget>
<sourceCardinality>1</sourceCardinality>
<sourceEntity>BE9EC6D9-701D-D7D1-1567-5752D2C4C191</sourceEntity>
<targetCardinalityString>*</targetCardinalityString>
<targetEntity>797A5D81-DB99-F698-DC9B-A6CEDF2BDFB9</targetEntity>
<transferable>true</transferable>
<deleteRule>NO ACTION</deleteRule>
</Relation>