<?xml version = '1.0' encoding = 'UTF-8'?>
<Relation class="oracle.dbtools.crest.model.design.logical.Relation" name="Relation_14" directorySegmentName="seg_0" id="2CCA85A7-91AE-9666-D18F-47165575057A">
<createdBy>User</createdBy>
<createdTime>2022-03-01 14:06:03 UTC</createdTime>
<ownerDesignName>3.1.4.2</ownerDesignName>
<engineerTo>
<item key="F0C4914D-0188-13B3-1192-6FA260E2C333" value="true"/>
</engineerTo>
<sourcePk>F15FA6AE-793A-51CA-367A-E4F493F4E61A</sourcePk>
<identifying>false</identifying>
<nameOnSource>assigned</nameOnSource>
<nameOnTarget>assigned</nameOnTarget>
<optionalSource>false</optionalSource>
<optionalTarget>true</optionalTarget>
<sourceCardinality>1</sourceCardinality>
<sourceEntity>24F3C534-1B76-341F-E04D-B1DA82DE0555</sourceEntity>
<targetCardinalityString>*</targetCardinalityString>
<targetEntity>E4940170-E1CE-BA4A-440C-B6425ADCFE1B</targetEntity>
<transferable>true</transferable>
<deleteRule>NO ACTION</deleteRule>
</Relation>