<?xml version = '1.0' encoding = 'UTF-8'?>
<Relation class="oracle.dbtools.crest.model.design.logical.Relation" name="Relation_16" directorySegmentName="seg_0" id="8047C3B8-269E-DA53-71C7-513C0E805AF0">
<createdBy>User</createdBy>
<createdTime>2022-03-01 14:08:35 UTC</createdTime>
<ownerDesignName>3.1.4.2</ownerDesignName>
<engineerTo>
<item key="F0C4914D-0188-13B3-1192-6FA260E2C333" value="true"/>
</engineerTo>
<sourcePk>F15FA6AE-793A-51CA-367A-E4F493F4E61A</sourcePk>
<identifying>false</identifying>
<nameOnSource>assigned</nameOnSource>
<nameOnTarget>assigned</nameOnTarget>
<optionalSource>false</optionalSource>
<optionalTarget>true</optionalTarget>
<sourceCardinality>1</sourceCardinality>
<sourceEntity>24F3C534-1B76-341F-E04D-B1DA82DE0555</sourceEntity>
<targetCardinalityString>*</targetCardinalityString>
<targetEntity>D1EF0DB9-7EA2-0881-D5A7-C8390C9813F5</targetEntity>
<transferable>true</transferable>
<deleteRule>NO ACTION</deleteRule>
</Relation>