<?xml version = '1.0' encoding = 'UTF-8'?>
<Relation class="oracle.dbtools.crest.model.design.logical.Relation" name="Relation_13" directorySegmentName="seg_0" id="9A948E22-E969-224A-6104-F68E230C0366">
<createdBy>User</createdBy>
<createdTime>2022-03-01 14:04:54 UTC</createdTime>
<ownerDesignName>3.1.4.2</ownerDesignName>
<engineerTo>
<item key="F0C4914D-0188-13B3-1192-6FA260E2C333" value="true"/>
</engineerTo>
<identifying>false</identifying>
<nameOnSource>represent</nameOnSource>
<nameOnTarget>represented by</nameOnTarget>
<optionalSource>true</optionalSource>
<optionalTarget>false</optionalTarget>
<sourceCardinality>1</sourceCardinality>
<sourceEntity>E4940170-E1CE-BA4A-440C-B6425ADCFE1B</sourceEntity>
<targetCardinalityString>1</targetCardinalityString>
<targetEntity>A3A37B6F-3A3B-D47C-5848-FCD8DD5873C4</targetEntity>
<transferable>true</transferable>
<deleteRule>NO ACTION</deleteRule>
</Relation>