<?xml version = '1.0' encoding = 'UTF-8'?>
<Relation class="oracle.dbtools.crest.model.design.logical.Relation" name="Relation_2" directorySegmentName="seg_0" id="30EDD656-B89A-C06B-F9DD-D93642812714">
<createdBy>Василий</createdBy>
<createdTime>2023-02-26 16:08:39 UTC</createdTime>
<ownerDesignName>3_5_main</ownerDesignName>
<engineerTo>
<item key="C7FA77AC-C482-CE84-D5F4-5B65A32B32AA" value="true"/>
</engineerTo>
<targetTransferable>false</targetTransferable>
<sourcePk>2483ABD4-4862-FA82-FCCC-0073473D173E</sourcePk>
<targetPk>783BD6B2-7433-F2B2-E4C1-AE35668542D7</targetPk>
<identifying>false</identifying>
<optionalSource>false</optionalSource>
<optionalTarget>false</optionalTarget>
<sourceCardinality>*</sourceCardinality>
<sourceEntity>459C507C-8002-742D-42BA-91D6672FFCDF</sourceEntity>
<targetCardinalityString>1</targetCardinalityString>
<targetEntity>D5EB08C5-C0F2-CF2F-8F02-1A2A471A7811</targetEntity>
<transferable>true</transferable>
<deleteRule>NO ACTION</deleteRule>
</Relation>